file,label,source,error_count,warning_count,bug_types,always_block_count,always_ff_count,always_comb_count,assign_count,module_count,line_count,parse_error_count,dataflow_node_count,dataflow_cycle_count,dataflow_error
third_party/rtl_corpora/ibex/vendor/lowrisc_ip/ip/prim/rtl/prim_subreg.sv,buggy,external,1,1,['RTL_E003'],1.0,1.0,0.0,4.0,1.0,75.0,0.0,3.0,0.0,0.0
third_party/rtl_corpora/serv/servant/servant_pf_clock_gen.v,clean,external,0,0,[],0.0,0.0,0.0,0.0,1.0,157.0,0.0,0.0,0.0,0.0
third_party/rtl_corpora/pulp-axi/src/axi_lite_to_axi.sv,buggy,external,3,2,"['RTL_E002', 'RTL_E003']",0.0,0.0,0.0,44.0,2.0,160.0,0.0,4.0,1.0,0.0
third_party/rtl_corpora/ibex/vendor/lowrisc_ip/ip/prim/rtl/prim_mubi16_sync.sv,buggy,external,2,2,['RTL_E003'],3.0,3.0,0.0,5.0,1.0,178.0,0.0,3.0,0.0,0.0
third_party/rtl_corpora/wb2axip/bench/formal/faxi_slave.v,buggy,external,1,33,['RTL_E003'],72.0,25.0,47.0,13.0,1.0,1324.0,3.0,13.0,0.0,0.0
third_party/rtl_corpora/verilog-ethernet/example/KC705/fpga_gmii/rtl/fpga_core.v,clean,external,0,0,[],2.0,2.0,0.0,40.0,1.0,593.0,0.0,39.0,0.0,0.0
third_party/rtl_corpora/pulp-axi/src/axi_lite_mux.sv,buggy,external,1,17,['RTL_E003'],1.0,0.0,1.0,22.0,2.0,541.0,15.0,15.0,0.0,0.0
third_party/rtl_corpora/pulp-axi/src/axi_isolate.sv,buggy,external,4,28,"['RTL_E006', 'RTL_E001', 'RTL_E003']",2.0,0.0,2.0,6.0,3.0,492.0,24.0,4.0,0.0,0.0
third_party/rtl_corpora/ibex/vendor/lowrisc_ip/ip/prim/rtl/prim_onehot_mux.sv,clean,external,0,0,[],0.0,0.0,0.0,4.0,1.0,48.0,0.0,4.0,0.0,0.0
third_party/rtl_corpora/verilog-ethernet/example/Alveo/fpga_25g/tb/fpga_core/test_fpga_core.v,clean,external,0,0,[],0.0,0.0,0.0,8.0,1.0,145.0,0.0,8.0,0.0,0.0
third_party/rtl_corpora/verilog-ethernet/example/VCU108/fpga_10g/rtl/debounce_switch.v,clean,external,0,0,[],1.0,1.0,0.0,1.0,1.0,93.0,0.0,1.0,0.0,0.0
third_party/rtl_corpora/verilog-ethernet/example/DE2-115/fpga/rtl/fpga_core.v,clean,external,0,0,[],3.0,3.0,0.0,41.0,1.0,681.0,0.0,40.0,0.0,0.0
third_party/rtl_corpora/ibex/vendor/lowrisc_ip/ip/prim/rtl/prim_secded_28_22_enc.sv,buggy,external,1,0,['RTL_E002'],1.0,0.0,1.0,0.0,1.0,22.0,0.0,1.0,1.0,0.0
third_party/rtl_corpora/ibex/vendor/google_riscv-dv/target/rv64imafdc/riscv_core_setting.sv,clean,external,0,0,[],0.0,0.0,0.0,0.0,0.0,188.0,0.0,0.0,0.0,0.0
tests/fixtures/buggy/buggy_counter.v,buggy,fixture,1,0,['fixture'],3.0,2.0,1.0,0.0,1.0,52.0,0.0,0.0,0.0,0.0
third_party/rtl_corpora/ibex/vendor/lowrisc_ip/ip/prim/rtl/prim_secded_inv_22_16_enc.sv,buggy,external,1,0,['RTL_E002'],1.0,0.0,1.0,0.0,1.0,23.0,0.0,1.0,1.0,0.0
third_party/rtl_corpora/ibex/vendor/lowrisc_ip/ip/prim/dv/prim_ascon/ascon_model_dpi/ascon_model_dpi_pkg.sv,clean,external,0,0,[],0.0,0.0,0.0,0.0,0.0,35.0,0.0,0.0,0.0,0.0
third_party/rtl_corpora/pulp-axi/src/axi_lite_from_mem.sv,buggy,external,1,4,['RTL_E003'],1.0,0.0,1.0,5.0,1.0,254.0,3.0,4.0,0.0,0.0
third_party/rtl_corpora/verilog-ethernet/lib/axis/rtl/axis_crosspoint.v,clean,external,0,0,[],1.0,1.0,0.0,7.0,1.0,153.0,0.0,7.0,0.0,0.0
third_party/rtl_corpora/ibex/dv/formal/check/peek/abs.sv,buggy,external,1,128,['RTL_E003'],0.0,0.0,0.0,30.0,0.0,107.0,128.0,28.0,0.0,0.0
third_party/rtl_corpora/ibex/vendor/lowrisc_ip/ip/prim/rtl/prim_cdc_rand_delay.sv,buggy,external,2,3,['RTL_E003'],3.0,1.0,1.0,2.0,1.0,67.0,0.0,1.0,0.0,0.0
third_party/rtl_corpora/verilog-ethernet/lib/axis/rtl/axis_ram_switch.v,buggy,external,9,1,"['RTL_E001', 'RTL_E003']",9.0,5.0,4.0,41.0,1.0,1151.0,0.0,39.0,0.0,0.0
third_party/rtl_corpora/ibex/vendor/lowrisc_ip/ip/prim_xilinx/rtl/prim_xilinx_pkg.sv,clean,external,0,0,[],0.0,0.0,0.0,0.0,0.0,16.0,0.0,0.0,0.0,0.0
third_party/rtl_corpora/ibex/vendor/lowrisc_ip/ip/prim/rtl/prim_onehot_enc.sv,clean,external,0,0,[],0.0,0.0,0.0,1.0,1.0,21.0,0.0,1.0,0.0,0.0
third_party/rtl_corpora/verilog-ethernet/rtl/eth_axis_rx.v,buggy,external,1,1,['RTL_E001'],5.0,2.0,3.0,13.0,1.0,405.0,0.0,13.0,0.0,0.0
third_party/rtl_corpora/verilog-ethernet/example/S10DX_DK/fpga_10g/rtl/debounce_switch.v,clean,external,0,0,[],1.0,1.0,0.0,1.0,1.0,93.0,0.0,1.0,0.0,0.0
third_party/rtl_corpora/ibex/vendor/lowrisc_ip/ip/prim/rtl/prim_sdc_example.sv,buggy,external,7,0,['RTL_E003'],0.0,0.0,0.0,33.0,1.0,694.0,0.0,11.0,0.0,0.0
third_party/rtl_corpora/verilog-ethernet/example/NetFPGA_SUME/fpga/rtl/fpga.v,buggy,external,5,1,['RTL_E003'],1.0,1.0,0.0,54.0,1.0,718.0,0.0,21.0,0.0,0.0
third_party/rtl_corpora/ibex/vendor/lowrisc_ip/ip/prim/rtl/prim_alert_receiver.sv,buggy,external,2,15,"['RTL_E006', 'RTL_E003']",2.0,1.0,1.0,10.0,1.0,391.0,0.0,7.0,0.0,0.0
third_party/rtl_corpora/verilog-ethernet/example/ML605/fpga_rgmii/rtl/sync_signal.v,clean,external,0,0,[],1.0,1.0,0.0,1.0,1.0,62.0,0.0,1.0,0.0,0.0
third_party/rtl_corpora/verilog-ethernet/rtl/eth_arb_mux.v,buggy,external,1,0,['RTL_E001'],4.0,2.0,2.0,16.0,1.0,315.0,0.0,16.0,0.0,0.0
third_party/rtl_corpora/verilog-ethernet/rtl/rgmii_phy_if.v,clean,external,0,0,[],4.0,3.0,1.0,6.0,1.0,257.0,0.0,6.0,0.0,0.0
third_party/rtl_corpora/verilog-ethernet/lib/axis/rtl/axis_pipeline_fifo.v,buggy,external,16,0,['RTL_E003'],2.0,2.0,0.0,33.0,1.0,264.0,0.0,17.0,0.0,0.0
third_party/rtl_corpora/serv/servant/servant_upduino2.v,clean,external,0,0,[],1.0,1.0,0.0,0.0,1.0,77.0,0.0,0.0,0.0,0.0
third_party/rtl_corpora/ibex/vendor/lowrisc_ip/ip/prim/fpv/tb/prim_secded_hamming_72_64_tb.sv,clean,external,0,0,[],0.0,0.0,0.0,0.0,1.0,30.0,0.0,0.0,0.0,0.0
third_party/rtl_corpora/ibex/vendor/lowrisc_ip/ip/prim/rtl/prim_secded_inv_28_22_enc.sv,buggy,external,1,0,['RTL_E002'],1.0,0.0,1.0,0.0,1.0,23.0,0.0,1.0,1.0,0.0
third_party/rtl_corpora/ibex/vendor/google_riscv-dv/target/rv32imcb/riscv_core_setting.sv,clean,external,0,0,[],0.0,0.0,0.0,0.0,0.0,149.0,0.0,0.0,0.0,0.0
third_party/rtl_corpora/ibex/vendor/lowrisc_ip/ip/prim/rtl/prim_secded_inv_39_32_enc.sv,buggy,external,1,0,['RTL_E002'],1.0,0.0,1.0,0.0,1.0,24.0,0.0,1.0,1.0,0.0
third_party/rtl_corpora/serv/data/chameleon96/CV_96.v,clean,external,0,0,[],0.0,0.0,0.0,0.0,1.0,28.0,0.0,0.0,0.0,0.0
third_party/rtl_corpora/pulp-axi/test/tb_axi_modify_address.sv,buggy,external,2,22,['RTL_E003'],1.0,0.0,1.0,5.0,1.0,229.0,19.0,2.0,0.0,0.0
third_party/rtl_corpora/verilog-ethernet/lib/axis/rtl/axis_frame_len.v,clean,external,0,0,[],2.0,1.0,1.0,2.0,1.0,114.0,0.0,2.0,0.0,0.0
third_party/rtl_corpora/verilog-ethernet/example/ZCU106/fpga/rtl/eth_xcvr_phy_wrapper.v,clean,external,0,0,[],0.0,0.0,0.0,4.0,1.0,307.0,0.0,4.0,0.0,0.0
third_party/rtl_corpora/ibex/vendor/lowrisc_ip/ip/prim/rtl/prim_ram_1p_adv.sv,buggy,external,14,6,['RTL_E003'],9.0,6.0,3.0,29.0,1.0,427.0,0.0,28.0,0.0,0.0
third_party/rtl_corpora/verilog-ethernet/rtl/ptp_tag_insert.v,clean,external,0,0,[],2.0,1.0,1.0,7.0,1.0,111.0,0.0,8.0,0.0,0.0
third_party/rtl_corpora/ibex/dv/uvm/core_ibex/fcov/core_ibex_fcov_bind.sv,clean,external,0,0,[],0.0,0.0,0.0,0.0,1.0,17.0,0.0,0.0,0.0,0.0
tests/fixtures/buggy/buggy_unused.v,buggy,fixture,1,0,['fixture'],1.0,0.0,1.0,0.0,1.0,24.0,0.0,1.0,0.0,0.0
third_party/rtl_corpora/ibex/vendor/lowrisc_ip/ip/prim/fpv/tb/prim_secded_28_22_tb.sv,clean,external,0,0,[],0.0,0.0,0.0,0.0,1.0,30.0,0.0,0.0,0.0,0.0
third_party/rtl_corpora/ibex/vendor/lowrisc_ip/ip/prim/rtl/prim_lfsr.sv,buggy,external,5,7,['RTL_E003'],4.0,2.0,2.0,23.0,1.0,633.0,0.0,14.0,0.0,0.0
third_party/rtl_corpora/ibex/vendor/lowrisc_ip/ip/prim/fpv/tb/prim_secded_hamming_76_68_tb.sv,clean,external,0,0,[],0.0,0.0,0.0,0.0,1.0,30.0,0.0,0.0,0.0,0.0
tests/fixtures/buggy/buggy_cdc.v,buggy,fixture,1,0,['fixture'],2.0,2.0,0.0,0.0,1.0,24.0,0.0,0.0,0.0,0.0
third_party/rtl_corpora/verilog-ethernet/example/fb2CG/fpga_25g/rtl/led_sreg_driver.v,clean,external,0,0,[],1.0,1.0,0.0,3.0,1.0,139.0,0.0,3.0,0.0,0.0
third_party/rtl_corpora/ibex/vendor/lowrisc_ip/ip/prim/fpv/tb/prim_secded_inv_22_16_bind_fpv.sv,clean,external,0,0,[],0.0,0.0,0.0,0.0,1.0,21.0,0.0,0.0,0.0,0.0
third_party/rtl_corpora/ibex/vendor/google_riscv-dv/target/rv32imc/riscv_core_setting.sv,clean,external,0,0,[],0.0,0.0,0.0,0.0,0.0,149.0,0.0,0.0,0.0,0.0
third_party/rtl_corpora/ibex/rtl/ibex_icache.sv,buggy,external,24,24,['RTL_E003'],37.0,27.0,10.0,138.0,1.0,1204.0,6.0,125.0,0.0,0.0
third_party/rtl_corpora/serv/rtl/serv_state.v,buggy,external,4,4,['RTL_E003'],4.0,4.0,0.0,27.0,1.0,239.0,0.0,24.0,0.0,0.0
third_party/rtl_corpora/verilog-ethernet/example/ML605/fpga_gmii/rtl/sync_signal.v,clean,external,0,0,[],1.0,1.0,0.0,1.0,1.0,62.0,0.0,1.0,0.0,0.0
third_party/rtl_corpora/ibex/vendor/lowrisc_ip/ip/prim/rtl/prim_packer.sv,buggy,external,1,8,['RTL_E003'],9.0,3.0,6.0,21.0,1.0,371.0,0.0,21.0,0.0,0.0
third_party/rtl_corpora/pulp-axi/src/axi_demux_simple.sv,buggy,external,7,12,"['RTL_E002', 'RTL_E001', 'RTL_E003']",5.0,0.0,5.0,15.0,1.0,512.0,11.0,12.0,2.0,0.0
third_party/rtl_corpora/verilog-ethernet/example/ATLYS/fpga/rtl/debounce_switch.v,clean,external,0,0,[],1.0,1.0,0.0,1.0,1.0,93.0,0.0,1.0,0.0,0.0
third_party/rtl_corpora/wb2axip/rtl/axidouble.v,buggy,external,5,27,['RTL_E003'],53.0,28.0,25.0,43.0,1.0,1405.0,0.0,37.0,0.0,0.0
tests/fixtures/buggy/buggy_parse_error.v,buggy,fixture,1,0,['fixture'],1.0,1.0,0.0,0.0,1.0,20.0,1.0,0.0,0.0,0.0
third_party/rtl_corpora/verilog-ethernet/lib/axis/rtl/axis_arb_mux.v,buggy,external,1,1,['RTL_E001'],4.0,2.0,2.0,11.0,1.0,310.0,0.0,11.0,0.0,0.0
third_party/rtl_corpora/verilog-ethernet/example/NetFPGA_SUME/fpga/rtl/debounce_switch.v,clean,external,0,0,[],1.0,1.0,0.0,1.0,1.0,93.0,0.0,1.0,0.0,0.0
third_party/rtl_corpora/verilog-ethernet/rtl/ssio_sdr_out.v,clean,external,0,0,[],1.0,1.0,0.0,1.0,1.0,77.0,0.0,1.0,0.0,0.0
third_party/rtl_corpora/verilog-ethernet/example/520N_MX/fpga_10g/rtl/sync_signal.v,clean,external,0,0,[],1.0,1.0,0.0,1.0,1.0,62.0,0.0,1.0,0.0,0.0
third_party/rtl_corpora/serv/servant/servant_cmod_a7.v,clean,external,0,0,[],0.0,0.0,0.0,1.0,1.0,33.0,0.0,1.0,0.0,0.0
third_party/rtl_corpora/ibex/vendor/lowrisc_ip/ip/prim/fpv/tb/prim_alert_rxtx_async_fatal_bind_fpv.sv,clean,external,0,0,[],0.0,0.0,0.0,0.0,1.0,32.0,0.0,0.0,0.0,0.0
third_party/rtl_corpora/pulp-axi/src/axi_interleaved_xbar.sv,buggy,external,2,20,"['RTL_E003', 'RTL_E001']",2.0,0.0,2.0,6.0,2.0,418.0,19.0,4.0,0.0,0.0
third_party/rtl_corpora/ibex/vendor/lowrisc_ip/ip/prim/rtl/prim_reg_cdc_arb.sv,buggy,external,3,6,['RTL_E003'],6.0,5.0,1.0,10.0,1.0,309.0,0.0,8.0,0.0,0.0
third_party/rtl_corpora/ibex/vendor/lowrisc_ip/ip/prim/fpv/tb/prim_packer_tb.sv,clean,external,0,0,[],0.0,0.0,0.0,0.0,1.0,66.0,0.0,0.0,0.0,0.0
third_party/rtl_corpora/wb2axip/rtl/axil2apb.v,buggy,external,7,15,['RTL_E003'],24.0,9.0,15.0,2.0,1.0,716.0,0.0,11.0,0.0,0.0
third_party/rtl_corpora/ibex/vendor/lowrisc_ip/ip/prim/fpv/tb/prim_secded_inv_hamming_76_68_bind_fpv.sv,clean,external,0,0,[],0.0,0.0,0.0,0.0,1.0,21.0,0.0,0.0,0.0,0.0
third_party/rtl_corpora/ibex/vendor/lowrisc_ip/ip/prim/rtl/prim_ram_2p_async_adv.sv,buggy,external,24,6,['RTL_E003'],7.0,6.0,1.0,40.0,1.0,360.0,0.0,38.0,0.0,0.0
third_party/rtl_corpora/verilog-ethernet/example/HTG9200/fpga_25g/rtl/eth_xcvr_phy_wrapper.v,clean,external,0,0,[],0.0,0.0,0.0,4.0,1.0,307.0,0.0,4.0,0.0,0.0
third_party/rtl_corpora/verilog-ethernet/example/Alveo/fpga_25g/rtl/fpga_au55.v,clean,external,0,0,[],0.0,0.0,0.0,4.0,1.0,474.0,0.0,4.0,0.0,0.0
tests/fixtures/buggy/buggy_combo_loop.v,buggy,fixture,1,0,['fixture'],0.0,0.0,0.0,3.0,1.0,7.0,0.0,3.0,1.0,0.0
third_party/rtl_corpora/verilog-ethernet/rtl/ptp_clock_cdc.v,buggy,external,4,12,['RTL_E003'],10.0,8.0,2.0,10.0,1.0,830.0,0.0,4.0,0.0,0.0
third_party/rtl_corpora/ibex/vendor/lowrisc_ip/ip/prim/rtl/prim_lc_or_hardened.sv,clean,external,0,0,[],0.0,0.0,0.0,2.0,1.0,70.0,0.0,2.0,0.0,0.0
third_party/rtl_corpora/pulp-axi/src/axi_burst_unwrap.sv,buggy,external,1,16,['RTL_E003'],7.0,0.0,7.0,13.0,3.0,652.0,16.0,15.0,0.0,0.0
third_party/rtl_corpora/verilog-ethernet/example/DE2-115/fpga/rtl/sync_signal.v,clean,external,0,0,[],1.0,1.0,0.0,1.0,1.0,62.0,0.0,1.0,0.0,0.0
third_party/rtl_corpora/verilog-ethernet/example/DE5-Net/fpga/cores/phy_reconfig.v,clean,external,0,0,[],0.0,0.0,0.0,0.0,1.0,101.0,0.0,0.0,0.0,0.0
third_party/rtl_corpora/ibex/dv/formal/check/spec_instance.sv,buggy,external,1,13,['RTL_E003'],1.0,0.0,1.0,3.0,0.0,84.0,13.0,2.0,0.0,0.0
third_party/rtl_corpora/verilog-ethernet/rtl/ssio_ddr_out_diff.v,clean,external,0,0,[],0.0,0.0,0.0,4.0,1.0,123.0,0.0,4.0,0.0,0.0
third_party/rtl_corpora/verilog-ethernet/rtl/eth_mac_mii.v,clean,external,0,0,[],0.0,0.0,0.0,0.0,1.0,174.0,0.0,0.0,0.0,0.0
third_party/rtl_corpora/ibex/vendor/lowrisc_ip/ip/prim/rtl/prim_mubi24_dec.sv,buggy,external,1,0,['RTL_E003'],0.0,0.0,0.0,5.0,1.0,48.0,0.0,2.0,0.0,0.0
third_party/rtl_corpora/pulp-axi/src/axi_burst_splitter_gran.sv,buggy,external,2,12,['RTL_E003'],7.0,0.0,7.0,19.0,3.0,741.0,12.0,19.0,0.0,0.0
third_party/rtl_corpora/wb2axip/rtl/axilempty.v,buggy,external,3,5,['RTL_E003'],12.0,4.0,8.0,15.0,1.0,370.0,0.0,12.0,0.0,0.0
third_party/rtl_corpora/pulp-axi/src/axi_lite_regs.sv,buggy,external,3,17,['RTL_E003'],2.0,0.0,2.0,13.0,2.0,485.0,15.0,12.0,0.0,0.0
third_party/rtl_corpora/verilog-ethernet/rtl/ssio_sdr_in.v,buggy,external,3,0,['RTL_E003'],1.0,1.0,0.0,8.0,1.0,167.0,0.0,4.0,0.0,0.0
third_party/rtl_corpora/pulp-axi/src/axi_to_detailed_mem.sv,buggy,external,9,22,['RTL_E003'],5.0,0.0,5.0,53.0,3.0,982.0,21.0,42.0,0.0,0.0
third_party/rtl_corpora/serv/servant/servive.v,clean,external,0,0,[],0.0,0.0,0.0,1.0,1.0,31.0,0.0,1.0,0.0,0.0
third_party/rtl_corpora/verilog-ethernet/example/Alveo/fpga_25g/rtl/eth_xcvr_phy_quad_wrapper.v,clean,external,0,0,[],0.0,0.0,0.0,0.0,1.0,395.0,0.0,0.0,0.0,0.0
tests/fixtures/clean/clean_literal_assign.v,clean,fixture,0,0,[],0.0,0.0,0.0,1.0,1.0,3.0,0.0,1.0,0.0,0.0
third_party/rtl_corpora/ibex/vendor/lowrisc_ip/ip/prim/rtl/prim_crc32.sv,buggy,external,1,1,['RTL_E003'],2.0,1.0,1.0,4.0,1.0,324.0,0.0,3.0,0.0,0.0
third_party/rtl_corpora/verilog-ethernet/example/ADM_PCIE_9V3/fpga_25g/rtl/fpga.v,buggy,external,1,0,['RTL_E003'],0.0,0.0,0.0,7.0,1.0,586.0,0.0,6.0,0.0,0.0
third_party/rtl_corpora/ibex/vendor/lowrisc_ip/ip/prim/rtl/prim_secded_hamming_39_32_dec.sv,clean,external,0,0,[],1.0,0.0,1.0,0.0,1.0,62.0,0.0,3.0,0.0,0.0
third_party/rtl_corpora/verilog-ethernet/example/HTG9200/fpga_fmc_htg_6qsfp_25g/rtl/fpga.v,clean,external,0,0,[],0.0,0.0,0.0,43.0,1.0,3221.0,0.0,43.0,0.0,0.0
third_party/rtl_corpora/verilog-ethernet/example/RV901T/fpga/rtl/fpga.v,clean,external,0,0,[],0.0,0.0,0.0,1.0,1.0,292.0,0.0,1.0,0.0,0.0
third_party/rtl_corpora/verilog-ethernet/example/HTG640/fpga/rtl/sync_signal.v,clean,external,0,0,[],1.0,1.0,0.0,1.0,1.0,62.0,0.0,1.0,0.0,0.0
third_party/rtl_corpora/wb2axip/rtl/axim2wbsp.v,buggy,external,8,0,['RTL_E003'],0.0,0.0,0.0,42.0,1.0,316.0,0.0,34.0,0.0,0.0
third_party/rtl_corpora/verilog-ethernet/rtl/ip_eth_rx_64.v,buggy,external,2,2,"['RTL_E001', 'RTL_E003']",5.0,2.0,3.0,30.0,1.0,690.0,0.0,30.0,0.0,0.0
third_party/rtl_corpora/ibex/vendor/lowrisc_ip/ip/prim/rtl/prim_secded_39_32_dec.sv,buggy,external,1,0,['RTL_E002'],1.0,0.0,1.0,0.0,1.0,62.0,0.0,3.0,1.0,0.0
third_party/rtl_corpora/verilog-ethernet/example/fb2CG/fpga_25g/rtl/fpga.v,buggy,external,2,0,['RTL_E003'],0.0,0.0,0.0,30.0,1.0,666.0,0.0,8.0,0.0,0.0
third_party/rtl_corpora/verilog-ethernet/example/DCS7132LB/fpga_25g/rtl/fpga_core.v,clean,external,0,0,[],2.0,2.0,0.0,40.0,1.0,594.0,0.0,40.0,0.0,0.0
third_party/rtl_corpora/ibex/vendor/lowrisc_ip/ip/prim/fpv/tb/prim_secded_inv_22_16_tb.sv,clean,external,0,0,[],0.0,0.0,0.0,0.0,1.0,30.0,0.0,0.0,0.0,0.0
third_party/rtl_corpora/ibex/vendor/google_riscv-dv/target/rv32imc_sv32/riscv_core_setting.sv,clean,external,0,0,[],0.0,0.0,0.0,0.0,0.0,149.0,0.0,0.0,0.0,0.0
third_party/rtl_corpora/ibex/dv/uvm/core_ibex/common/ibex_mem_intf_agent/ibex_mem_intf.sv,clean,external,0,0,[],0.0,0.0,0.0,0.0,0.0,91.0,0.0,0.0,0.0,0.0
third_party/rtl_corpora/verilog-ethernet/example/HTG640/fpga_cxpt16/rtl/debounce_switch.v,clean,external,0,0,[],1.0,1.0,0.0,1.0,1.0,93.0,0.0,1.0,0.0,0.0
third_party/rtl_corpora/ibex/vendor/lowrisc_ip/ip/prim/fpv/tb/prim_alert_rxtx_fatal_tb.sv,buggy,external,2,0,['RTL_E003'],0.0,0.0,0.0,6.0,1.0,80.0,0.0,2.0,0.0,0.0
third_party/rtl_corpora/verilog-ethernet/rtl/ptp_td_rel2tod.v,buggy,external,2,1,"['RTL_E004', 'RTL_E003']",6.0,5.0,1.0,5.0,1.0,313.0,0.0,4.0,0.0,0.0
third_party/rtl_corpora/wb2axip/rtl/axisafety.v,buggy,external,7,44,"['RTL_E001', 'RTL_E003']",116.0,48.0,68.0,19.0,1.0,2338.0,0.0,17.0,0.0,0.0
third_party/rtl_corpora/pulp-axi/src/axi_lite_lfsr.sv,buggy,external,2,2,['RTL_E003'],2.0,0.0,2.0,11.0,2.0,224.0,2.0,5.0,0.0,0.0
third_party/rtl_corpora/verilog-ethernet/example/S10DX_DK/fpga_10g/rtl/fpga_core.v,clean,external,0,0,[],2.0,2.0,0.0,81.0,1.0,834.0,0.0,74.0,0.0,0.0
third_party/rtl_corpora/ibex/vendor/lowrisc_ip/ip/prim/rtl/prim_secded_64_57_enc.sv,buggy,external,1,0,['RTL_E002'],1.0,0.0,1.0,0.0,1.0,23.0,0.0,1.0,1.0,0.0
third_party/rtl_corpora/wb2axip/rtl/axixbar.v,buggy,external,13,60,['RTL_E003'],76.0,25.0,49.0,77.0,1.0,2585.0,0.0,68.0,0.0,0.0
third_party/rtl_corpora/verilog-ethernet/example/S10DX_DK/fpga_10g/rtl/avst2axis.v,buggy,external,1,0,['RTL_E003'],0.0,0.0,0.0,7.0,1.0,87.0,0.0,6.0,0.0,0.0
third_party/rtl_corpora/verilog-ethernet/example/ZCU106/fpga/rtl/eth_xcvr_phy_quad_wrapper.v,clean,external,0,0,[],0.0,0.0,0.0,0.0,1.0,395.0,0.0,0.0,0.0,0.0
third_party/rtl_corpora/ibex/vendor/lowrisc_ip/ip/prim/rtl/prim_secded_inv_hamming_76_68_dec.sv,clean,external,0,0,[],1.0,0.0,1.0,0.0,1.0,99.0,0.0,3.0,0.0,0.0
third_party/rtl_corpora/wb2axip/rtl/sfifo.v,buggy,external,2,15,['RTL_E003'],33.0,19.0,14.0,9.0,1.0,486.0,0.0,13.0,0.0,0.0
third_party/rtl_corpora/ibex/vendor/lowrisc_ip/ip/prim_xilinx/rtl/prim_pad_wrapper.sv,buggy,external,3,2,['RTL_E003'],0.0,0.0,0.0,12.0,1.0,126.0,2.0,6.0,0.0,0.0
third_party/rtl_corpora/wb2axip/rtl/demofull.v,buggy,external,5,27,"['RTL_E003', 'RTL_E001']",50.0,29.0,21.0,13.0,1.0,1285.0,0.0,11.0,0.0,0.0
third_party/rtl_corpora/ibex/vendor/lowrisc_ip/ip/prim/fpv/tb/prim_secded_inv_hamming_76_68_tb.sv,clean,external,0,0,[],0.0,0.0,0.0,0.0,1.0,30.0,0.0,0.0,0.0,0.0
third_party/rtl_corpora/wb2axip/rtl/axidma.v,buggy,external,7,40,"['RTL_E005', 'RTL_E001', 'RTL_E003']",159.0,74.0,85.0,23.0,1.0,2976.0,0.0,64.0,0.0,0.0
third_party/rtl_corpora/wb2axip/rtl/axilgpio.v,buggy,external,8,12,['RTL_E003'],18.0,13.0,5.0,35.0,1.0,807.0,0.0,25.0,0.0,0.0
third_party/rtl_corpora/ibex/vendor/lowrisc_ip/ip/prim/fpv/tb/prim_alert_rxtx_bind_fpv.sv,clean,external,0,0,[],0.0,0.0,0.0,0.0,1.0,29.0,0.0,0.0,0.0,0.0
third_party/rtl_corpora/ibex/rtl/ibex_tracer_pkg.sv,clean,external,0,0,[],0.0,0.0,0.0,0.0,0.0,355.0,0.0,0.0,0.0,0.0
third_party/rtl_corpora/secworks-sha256/src/tb/tb_sha256_core.v,buggy,external,1,1,['RTL_E002'],2.0,0.0,2.0,0.0,1.0,520.0,0.0,1.0,1.0,0.0
third_party/rtl_corpora/verilog-ethernet/example/VCU118/fpga_fmc_htg_6qsfp_25g/rtl/eth_xcvr_phy_wrapper.v,clean,external,0,0,[],0.0,0.0,0.0,4.0,1.0,307.0,0.0,4.0,0.0,0.0
third_party/rtl_corpora/verilog-ethernet/example/ML605/fpga_rgmii/rtl/fpga.v,clean,external,0,0,[],0.0,0.0,0.0,8.0,1.0,288.0,0.0,8.0,0.0,0.0
third_party/rtl_corpora/ibex/vendor/lowrisc_ip/ip/prim_xilinx/rtl/prim_clock_gating.sv,clean,external,0,0,[],0.0,0.0,0.0,1.0,1.0,44.0,0.0,1.0,0.0,0.0
third_party/rtl_corpora/verilog-ethernet/example/KC705/fpga_gmii/rtl/debounce_switch.v,clean,external,0,0,[],1.0,1.0,0.0,1.0,1.0,93.0,0.0,1.0,0.0,0.0
third_party/rtl_corpora/verilog-ethernet/rtl/eth_mux.v,buggy,external,1,0,['RTL_E001'],4.0,2.0,2.0,14.0,1.0,303.0,0.0,14.0,0.0,0.0
third_party/rtl_corpora/ibex/vendor/lowrisc_ip/ip/prim/rtl/prim_mubi32_sync.sv,buggy,external,2,2,['RTL_E003'],3.0,3.0,0.0,5.0,1.0,178.0,0.0,3.0,0.0,0.0
third_party/rtl_corpora/serv/servant/servant_gpio.v,clean,external,0,0,[],1.0,1.0,0.0,0.0,1.0,14.0,0.0,0.0,0.0,0.0
third_party/rtl_corpora/ibex/vendor/lowrisc_ip/ip/prim_generic/rtl/prim_generic_flash_bank.sv,buggy,external,1,8,['RTL_E006'],6.0,5.0,1.0,19.0,1.0,462.0,0.0,19.0,0.0,0.0
third_party/rtl_corpora/secworks-sha256/src/rtl/sha256_w_mem.v,clean,external,0,0,[],3.0,1.0,2.0,1.0,1.0,241.0,0.0,1.0,0.0,0.0
third_party/rtl_corpora/ibex/vendor/lowrisc_ip/ip/prim/rtl/prim_secded_inv_39_32_dec.sv,buggy,external,1,0,['RTL_E002'],1.0,0.0,1.0,0.0,1.0,62.0,0.0,3.0,1.0,0.0
third_party/rtl_corpora/serv/rtl/serv_bufreg.v,buggy,external,4,0,['RTL_E003'],3.0,3.0,0.0,9.0,1.0,101.0,0.0,5.0,0.0,0.0
tests/fixtures/buggy/buggy_multi_driver.v,buggy,fixture,1,0,['fixture'],1.0,1.0,0.0,3.0,1.0,25.0,0.0,1.0,0.0,0.0
third_party/rtl_corpora/ibex/vendor/lowrisc_ip/ip/prim/rtl/prim_clock_meas.sv,buggy,external,1,3,['RTL_E003'],4.0,3.0,1.0,7.0,1.0,279.0,0.0,6.0,0.0,0.0
third_party/rtl_corpora/serv/servant/service.v,clean,external,0,0,[],0.0,0.0,0.0,0.0,1.0,28.0,0.0,0.0,0.0,0.0
tests/fixtures/clean/clean_multi_module_alias.v,clean,fixture,0,0,[],0.0,0.0,0.0,2.0,2.0,7.0,0.0,2.0,0.0,0.0
third_party/rtl_corpora/ibex/vendor/lowrisc_ip/ip/prim/rtl/prim_alert_pkg.sv,clean,external,0,0,[],0.0,0.0,0.0,0.0,0.0,27.0,0.0,0.0,0.0,0.0
third_party/rtl_corpora/wb2axip/rtl/afifo.v,buggy,external,5,15,"['RTL_E001', 'RTL_E003']",68.0,26.0,42.0,4.0,1.0,804.0,0.0,13.0,0.0,0.0
third_party/rtl_corpora/ibex/vendor/google_riscv-dv/target/rv64imc/riscv_core_setting.sv,clean,external,0,0,[],0.0,0.0,0.0,0.0,0.0,148.0,0.0,0.0,0.0,0.0
third_party/rtl_corpora/wb2axip/bench/formal/faxil_slave.v,clean,external,0,0,[],0.0,0.0,0.0,7.0,1.0,805.0,0.0,0.0,0.0,0.0
third_party/rtl_corpora/ibex/vendor/lowrisc_ip/ip/prim/rtl/prim_fifo_sync.sv,buggy,external,9,5,['RTL_E003'],5.0,5.0,0.0,29.0,1.0,242.0,0.0,14.0,0.0,0.0
third_party/rtl_corpora/ibex/vendor/lowrisc_ip/ip/prim/rtl/prim_util_pkg.sv,clean,external,0,0,[],0.0,0.0,0.0,0.0,0.0,75.0,0.0,0.0,0.0,0.0
third_party/rtl_corpora/verilog-ethernet/example/520N_MX/fpga_10g/rtl/fpga_core.v,clean,external,0,0,[],2.0,2.0,0.0,71.0,1.0,745.0,0.0,71.0,0.0,0.0
third_party/rtl_corpora/verilog-ethernet/example/ZCU102/fpga/rtl/fpga_core.v,clean,external,0,0,[],2.0,2.0,0.0,45.0,1.0,632.0,0.0,45.0,0.0,0.0
third_party/rtl_corpora/ibex/vendor/lowrisc_ip/ip/prim/rtl/prim_mubi8_dec.sv,buggy,external,1,0,['RTL_E003'],0.0,0.0,0.0,5.0,1.0,48.0,0.0,2.0,0.0,0.0
third_party/rtl_corpora/wb2axip/rtl/axilwr2wbsp.v,buggy,external,2,25,['RTL_E003'],49.0,21.0,28.0,17.0,1.0,674.0,0.0,16.0,0.0,0.0
third_party/rtl_corpora/ibex/vendor/lowrisc_ip/dv/sv/common_ifs/entropy_subsys_fifo_exception_pkg.sv,clean,external,0,0,[],0.0,0.0,0.0,0.0,0.0,18.0,0.0,0.0,0.0,0.0
third_party/rtl_corpora/serv/rtl/serv_synth_wrapper.v,clean,external,0,0,[],0.0,0.0,0.0,0.0,1.0,138.0,0.0,0.0,0.0,0.0
third_party/rtl_corpora/verilog-ethernet/example/HTG640/fpga_cxpt16/rtl/eth_gth_phy_quad.v,buggy,external,1,0,['RTL_E003'],1.0,1.0,0.0,30.0,1.0,577.0,0.0,2.0,0.0,0.0
third_party/rtl_corpora/verilog-ethernet/example/Arty/fpga/rtl/sync_signal.v,clean,external,0,0,[],1.0,1.0,0.0,1.0,1.0,62.0,0.0,1.0,0.0,0.0
third_party/rtl_corpora/serv/servant/servant_gmm7550.v,clean,external,0,0,[],1.0,1.0,0.0,6.0,1.0,75.0,0.0,6.0,0.0,0.0
third_party/rtl_corpora/ibex/vendor/lowrisc_ip/ip/prim/rtl/prim_max_tree.sv,buggy,external,7,0,"['RTL_E002', 'RTL_E003']",0.0,0.0,0.0,15.0,1.0,152.0,0.0,9.0,4.0,0.0
third_party/rtl_corpora/serv/servile/servile_mux.v,buggy,external,2,3,['RTL_E003'],1.0,1.0,0.0,16.0,1.0,100.0,0.0,14.0,0.0,0.0
third_party/rtl_corpora/verilog-ethernet/rtl/eth_mac_10g.v,buggy,external,1,5,['RTL_E003'],4.0,4.0,0.0,38.0,1.0,731.0,0.0,37.0,0.0,0.0
third_party/rtl_corpora/verilog-ethernet/rtl/ptp_clock.v,buggy,external,4,1,['RTL_E003'],2.0,2.0,0.0,13.0,1.0,321.0,0.0,5.0,0.0,0.0
third_party/rtl_corpora/ibex/rtl/ibex_top_tracing.sv,clean,external,0,0,[],0.0,0.0,0.0,13.0,1.0,366.0,0.0,13.0,0.0,0.0
third_party/rtl_corpora/verilog-ethernet/example/Alveo/fpga_25g/rtl/eth_xcvr_phy_wrapper.v,clean,external,0,0,[],0.0,0.0,0.0,4.0,1.0,307.0,0.0,4.0,0.0,0.0
third_party/rtl_corpora/verilog-ethernet/example/ExaNIC_X10/fpga/rtl/eth_xcvr_phy_wrapper.v,clean,external,0,0,[],0.0,0.0,0.0,4.0,1.0,315.0,0.0,4.0,0.0,0.0
third_party/rtl_corpora/verilog-ethernet/example/ZCU106/fpga/rtl/debounce_switch.v,clean,external,0,0,[],1.0,1.0,0.0,1.0,1.0,93.0,0.0,1.0,0.0,0.0
third_party/rtl_corpora/verilog-ethernet/rtl/lfsr.v,buggy,external,3,1,['RTL_E003'],2.0,0.0,2.0,4.0,1.0,447.0,0.0,2.0,0.0,0.0
third_party/rtl_corpora/ibex/vendor/lowrisc_ip/ip/prim/rtl/prim_secded_72_64_enc.sv,buggy,external,1,0,['RTL_E002'],1.0,0.0,1.0,0.0,1.0,24.0,0.0,1.0,1.0,0.0
third_party/rtl_corpora/verilog-ethernet/example/HTG640/fpga/rtl/fpga.v,clean,external,0,0,[],0.0,0.0,0.0,20.0,1.0,1139.0,0.0,20.0,0.0,0.0
third_party/rtl_corpora/ibex/vendor/lowrisc_ip/ip/prim/fpv/tb/prim_secded_inv_hamming_22_16_bind_fpv.sv,clean,external,0,0,[],0.0,0.0,0.0,0.0,1.0,21.0,0.0,0.0,0.0,0.0
third_party/rtl_corpora/ibex/rtl/ibex_if_stage.sv,buggy,external,31,25,"['RTL_E003', 'RTL_E001']",15.0,12.0,3.0,80.0,1.0,837.0,13.0,64.0,0.0,0.0
third_party/rtl_corpora/verilog-ethernet/example/S10DX_DK/fpga_10g/rtl/sync_signal.v,clean,external,0,0,[],1.0,1.0,0.0,1.0,1.0,62.0,0.0,1.0,0.0,0.0
third_party/rtl_corpora/serv/rtl/serv_mem_if.v,buggy,external,1,0,['RTL_E003'],1.0,1.0,0.0,6.0,1.0,59.0,0.0,3.0,0.0,0.0
third_party/rtl_corpora/wb2axip/rtl/aximm2s.v,buggy,external,12,51,"['RTL_E003', 'RTL_E001']",97.0,45.0,52.0,42.0,1.0,2158.0,0.0,44.0,0.0,0.0
third_party/rtl_corpora/verilog-ethernet/example/NexysVideo/fpga/rtl/fpga.v,clean,external,0,0,[],0.0,0.0,0.0,0.0,1.0,377.0,0.0,0.0,0.0,0.0
third_party/rtl_corpora/verilog-ethernet/example/ADM_PCIE_9V3/fpga_25g/rtl/sync_signal.v,clean,external,0,0,[],1.0,1.0,0.0,1.0,1.0,62.0,0.0,1.0,0.0,0.0
third_party/rtl_corpora/ibex/dv/uvm/icache/dv/fcov/ibex_icache_fcov_bind.sv,clean,external,0,0,[],0.0,0.0,0.0,0.0,1.0,11.0,0.0,0.0,0.0,0.0
third_party/rtl_corpora/ibex/vendor/lowrisc_ip/ip/prim/rtl/prim_lc_combine.sv,buggy,external,1,0,['RTL_E003'],0.0,0.0,0.0,2.0,1.0,73.0,0.0,1.0,0.0,0.0
third_party/rtl_corpora/ibex/vendor/google_riscv-dv/target/rv64gcv/riscv_core_setting.sv,clean,external,0,0,[],0.0,0.0,0.0,0.0,0.0,187.0,0.0,0.0,0.0,0.0
third_party/rtl_corpora/ibex/vendor/lowrisc_ip/ip/prim/rtl/prim_count_pkg.sv,clean,external,0,0,[],0.0,0.0,0.0,0.0,0.0,15.0,0.0,0.0,0.0,0.0
third_party/rtl_corpora/pulp-axi/src/axi_id_serialize.sv,buggy,external,1,46,['RTL_E003'],2.0,0.0,2.0,3.0,2.0,454.0,44.0,2.0,0.0,0.0
third_party/rtl_corpora/verilog-ethernet/example/ExaNIC_X10/fpga/rtl/fpga_core.v,clean,external,0,0,[],2.0,2.0,0.0,41.0,1.0,600.0,0.0,41.0,0.0,0.0
third_party/rtl_corpora/ibex/vendor/lowrisc_ip/ip/prim/fpv/tb/prim_secded_inv_64_57_tb.sv,clean,external,0,0,[],0.0,0.0,0.0,0.0,1.0,30.0,0.0,0.0,0.0,0.0
third_party/rtl_corpora/verilog-ethernet/example/HTG9200/fpga_25g/rtl/fpga.v,clean,external,0,0,[],0.0,0.0,0.0,21.0,1.0,2062.0,0.0,21.0,0.0,0.0
third_party/rtl_corpora/wb2axip/rtl/axilsingle.v,buggy,external,1,20,['RTL_E003'],55.0,22.0,33.0,13.0,1.0,713.0,0.0,12.0,0.0,0.0
third_party/rtl_corpora/verilog-ethernet/example/Alveo/fpga_25g/rtl/sync_signal.v,clean,external,0,0,[],1.0,1.0,0.0,1.0,1.0,62.0,0.0,1.0,0.0,0.0
third_party/rtl_corpora/serv/servant/servis.v,clean,external,0,0,[],0.0,0.0,0.0,0.0,1.0,28.0,0.0,0.0,0.0,0.0
third_party/rtl_corpora/wb2axip/rtl/aximrd2wbsp.v,buggy,external,1,25,['RTL_E003'],36.0,14.0,22.0,7.0,1.0,739.0,0.0,10.0,0.0,0.0
third_party/rtl_corpora/ibex/dv/cs_registers/env/env_dpi.sv,clean,external,0,0,[],0.0,0.0,0.0,0.0,0.0,25.0,0.0,0.0,0.0,0.0
third_party/rtl_corpora/ibex/vendor/lowrisc_ip/dv/sv/common_ifs/common_ifs_pkg.sv,clean,external,0,0,[],0.0,0.0,0.0,0.0,0.0,15.0,0.0,0.0,0.0,0.0
third_party/rtl_corpora/ibex/vendor/lowrisc_ip/dv/sv/common_ifs/pins_if.sv,buggy,external,1,2,['RTL_E003'],0.0,0.0,0.0,4.0,0.0,116.0,2.0,1.0,0.0,0.0
third_party/rtl_corpora/ibex/vendor/lowrisc_ip/ip/prim/rtl/prim_mubi20_dec.sv,buggy,external,1,0,['RTL_E003'],0.0,0.0,0.0,5.0,1.0,48.0,0.0,2.0,0.0,0.0
third_party/rtl_corpora/verilog-ethernet/example/Arty/fpga/rtl/fpga_core.v,clean,external,0,0,[],2.0,2.0,0.0,39.0,1.0,596.0,0.0,37.0,0.0,0.0
third_party/rtl_corpora/wb2axip/rtl/axiperf.v,buggy,external,1,71,['RTL_E003'],49.0,39.0,10.0,9.0,1.0,1602.0,0.0,9.0,0.0,0.0
third_party/rtl_corpora/pulp-axi/src/axi_demux.sv,buggy,external,2,15,['RTL_E003'],0.0,0.0,0.0,5.0,2.0,302.0,15.0,2.0,0.0,0.0
third_party/rtl_corpora/ibex/rtl/ibex_decoder.sv,buggy,external,2,3,['RTL_E003'],4.0,1.0,3.0,26.0,1.0,1212.0,2.0,25.0,0.0,0.0
third_party/rtl_corpora/secworks-sha256/src/tb/tb_sha256_w_mem.v,buggy,external,2,2,['RTL_E004'],2.0,2.0,0.0,0.0,1.0,222.0,0.0,0.0,0.0,0.0
third_party/rtl_corpora/pulp-axi/src/axi_id_prepend.sv,buggy,external,2,1,['RTL_E003'],1.0,0.0,1.0,16.0,1.0,161.0,0.0,15.0,0.0,0.0
third_party/rtl_corpora/serv/servant/ecp5_evn_pll.v,clean,external,0,0,[],0.0,0.0,0.0,0.0,1.0,48.0,0.0,0.0,0.0,0.0
tests/fixtures/clean/clean_fsm.v,clean,fixture,0,0,[],2.0,1.0,1.0,1.0,1.0,41.0,0.0,1.0,0.0,0.0
third_party/rtl_corpora/verilog-ethernet/rtl/ssio_sdr_out_diff.v,clean,external,0,0,[],0.0,0.0,0.0,4.0,1.0,116.0,0.0,4.0,0.0,0.0
third_party/rtl_corpora/verilog-ethernet/example/fb2CG/fpga_25g/rtl/fpga_core.v,clean,external,0,0,[],2.0,2.0,0.0,56.0,1.0,668.0,0.0,56.0,0.0,0.0
third_party/rtl_corpora/ibex/vendor/lowrisc_ip/ip/prim/rtl/prim_subst_perm.sv,buggy,external,4,0,['RTL_E003'],2.0,0.0,2.0,2.0,1.0,92.0,0.0,2.0,0.0,0.0
third_party/rtl_corpora/verilog-ethernet/example/ML605/fpga_rgmii/rtl/debounce_switch.v,clean,external,0,0,[],1.0,1.0,0.0,1.0,1.0,93.0,0.0,1.0,0.0,0.0
third_party/rtl_corpora/ibex/vendor/lowrisc_ip/ip/prim/rtl/prim_keccak.sv,buggy,external,1,0,['RTL_E003'],0.0,0.0,0.0,11.0,1.0,297.0,0.0,8.0,0.0,0.0
third_party/rtl_corpora/ibex/rtl/ibex_csr.sv,buggy,external,1,4,['RTL_E003'],2.0,2.0,0.0,3.0,1.0,57.0,2.0,2.0,0.0,0.0
third_party/rtl_corpora/verilog-ethernet/example/KC705/fpga_rgmii/rtl/debounce_switch.v,clean,external,0,0,[],1.0,1.0,0.0,1.0,1.0,93.0,0.0,1.0,0.0,0.0
third_party/rtl_corpora/verilog-ethernet/rtl/ssio_sdr_in_diff.v,clean,external,0,0,[],0.0,0.0,0.0,2.0,1.0,117.0,0.0,2.0,0.0,0.0
third_party/rtl_corpora/verilog-ethernet/example/NetFPGA_SUME/fpga/rtl/fpga_core.v,clean,external,0,0,[],2.0,2.0,0.0,45.0,1.0,633.0,0.0,45.0,0.0,0.0
third_party/rtl_corpora/ibex/vendor/lowrisc_ip/ip/prim_generic/rtl/prim_ram_2p.sv,buggy,external,2,4,['RTL_E003'],2.0,2.0,0.0,4.0,1.0,109.0,4.0,4.0,0.0,0.0
third_party/rtl_corpora/verilog-ethernet/example/KC705/fpga_rgmii/rtl/sync_signal.v,clean,external,0,0,[],1.0,1.0,0.0,1.0,1.0,62.0,0.0,1.0,0.0,0.0
third_party/rtl_corpora/verilog-ethernet/example/VCU118/fpga_fmc_htg_6qsfp_25g/rtl/eth_xcvr_phy_quad_wrapper.v,clean,external,0,0,[],0.0,0.0,0.0,0.0,1.0,395.0,0.0,0.0,0.0,0.0
third_party/rtl_corpora/ibex/vendor/lowrisc_ip/ip/prim/rtl/prim_secded_72_64_dec.sv,buggy,external,1,0,['RTL_E002'],1.0,0.0,1.0,0.0,1.0,95.0,0.0,3.0,1.0,0.0
third_party/rtl_corpora/verilog-ethernet/example/VCU108/fpga_10g/rtl/fpga.v,buggy,external,3,0,['RTL_E003'],0.0,0.0,0.0,32.0,1.0,597.0,0.0,12.0,0.0,0.0
third_party/rtl_corpora/ibex/vendor/lowrisc_ip/ip/prim_generic/rtl/prim_ram_2p_pkg.sv,clean,external,0,0,[],0.0,0.0,0.0,0.0,0.0,27.0,0.0,0.0,0.0,0.0
third_party/rtl_corpora/ibex/vendor/lowrisc_ip/ip/prim/rtl/prim_sha2_pkg.sv,clean,external,0,0,[],0.0,0.0,0.0,0.0,0.0,252.0,0.0,0.0,0.0,0.0
third_party/rtl_corpora/ibex/vendor/google_riscv-dv/target/rv64imcb/riscv_core_setting.sv,clean,external,0,0,[],0.0,0.0,0.0,0.0,0.0,149.0,0.0,0.0,0.0,0.0
third_party/rtl_corpora/ibex/vendor/lowrisc_ip/ip/prim/rtl/prim_secded_inv_hamming_72_64_dec.sv,clean,external,0,0,[],1.0,0.0,1.0,0.0,1.0,95.0,0.0,3.0,0.0,0.0
third_party/rtl_corpora/serv/rtl/serv_rf_if.v,buggy,external,12,0,['RTL_E003'],0.0,0.0,0.0,24.0,1.0,159.0,0.0,12.0,0.0,0.0
third_party/rtl_corpora/verilog-ethernet/lib/axis/rtl/axis_async_fifo.v,buggy,external,28,13,"['RTL_E004', 'RTL_E003']",16.0,16.0,0.0,55.0,1.0,910.0,0.0,31.0,0.0,0.0
third_party/rtl_corpora/serv/servant/servus.v,clean,external,0,0,[],0.0,0.0,0.0,1.0,1.0,36.0,0.0,1.0,0.0,0.0
third_party/rtl_corpora/verilog-ethernet/example/C10LP/fpga/rtl/fpga_core.v,clean,external,0,0,[],2.0,2.0,0.0,38.0,1.0,573.0,0.0,37.0,0.0,0.0
third_party/rtl_corpora/ibex/vendor/lowrisc_ip/ip/prim/rtl/prim_ascon_pkg.sv,clean,external,0,0,[],0.0,0.0,0.0,0.0,0.0,192.0,0.0,0.0,0.0,0.0
third_party/rtl_corpora/wb2axip/rtl/axivdisplay.v,buggy,external,6,34,"['RTL_E002', 'RTL_E003']",54.0,25.0,29.0,45.0,1.0,1436.0,0.0,44.0,1.0,0.0
third_party/rtl_corpora/ibex/vendor/lowrisc_ip/ip/prim/fpv/tb/prim_secded_inv_72_64_bind_fpv.sv,clean,external,0,0,[],0.0,0.0,0.0,0.0,1.0,21.0,0.0,0.0,0.0,0.0
third_party/rtl_corpora/pulp-axi/src/axi_chan_compare.sv,buggy,external,28,0,"['RTL_E004', 'RTL_E003']",4.0,4.0,0.0,0.0,1.0,266.0,0.0,0.0,0.0,0.0
third_party/rtl_corpora/verilog-ethernet/example/Alveo/fpga_25g/rtl/fpga_au200.v,clean,external,0,0,[],1.0,1.0,0.0,18.0,1.0,591.0,0.0,18.0,0.0,0.0
third_party/rtl_corpora/ibex/vendor/lowrisc_ip/ip/prim/fpv/tb/prim_secded_hamming_39_32_bind_fpv.sv,clean,external,0,0,[],0.0,0.0,0.0,0.0,1.0,21.0,0.0,0.0,0.0,0.0
third_party/rtl_corpora/ibex/vendor/lowrisc_ip/ip/prim/fpv/tb/prim_alert_rxtx_tb.sv,buggy,external,2,0,['RTL_E003'],0.0,0.0,0.0,6.0,1.0,79.0,0.0,2.0,0.0,0.0
third_party/rtl_corpora/serv/servant/servclone10_clock_gen.v,clean,external,0,0,[],1.0,1.0,0.0,2.0,1.0,50.0,0.0,2.0,0.0,0.0
third_party/rtl_corpora/ibex/vendor/lowrisc_ip/ip/prim/pre_dv/prim_ascon/prim_ascon_round_tb/rtl/prim_ascon_round_tb.sv,buggy,external,2,3,['RTL_E003'],3.0,2.0,0.0,14.0,1.0,87.0,0.0,3.0,0.0,0.0
third_party/rtl_corpora/serv/servant/servde1_soc_revF.v,clean,external,0,0,[],0.0,0.0,0.0,1.0,1.0,31.0,0.0,1.0,0.0,0.0
third_party/rtl_corpora/pulp-axi/src/axi_throttle.sv,clean,external,0,0,[],2.0,0.0,2.0,0.0,1.0,102.0,0.0,2.0,0.0,0.0
third_party/rtl_corpora/verilog-ethernet/example/HTG9200/fpga_fmc_htg_6qsfp_25g/rtl/debounce_switch.v,clean,external,0,0,[],1.0,1.0,0.0,1.0,1.0,93.0,0.0,1.0,0.0,0.0
third_party/rtl_corpora/ibex/rtl/ibex_multdiv_fast.sv,buggy,external,17,10,"['RTL_E006', 'RTL_E003']",7.0,3.0,4.0,52.0,1.0,556.0,7.0,44.0,0.0,0.0
third_party/rtl_corpora/pulp-axi/src/axi_to_mem_interleaved.sv,buggy,external,2,12,['RTL_E003'],0.0,0.0,0.0,25.0,2.0,379.0,11.0,16.0,0.0,0.0
third_party/rtl_corpora/verilog-ethernet/example/HTG9200/fpga_25g/rtl/eth_xcvr_phy_quad_wrapper.v,clean,external,0,0,[],0.0,0.0,0.0,0.0,1.0,395.0,0.0,0.0,0.0,0.0
third_party/rtl_corpora/verilog-ethernet/example/DCS7132LB/fpga_25g/rtl/eth_xcvr_phy_quad_wrapper.v,clean,external,0,0,[],0.0,0.0,0.0,0.0,1.0,395.0,0.0,0.0,0.0,0.0
third_party/rtl_corpora/verilog-ethernet/example/Arty/fpga/rtl/debounce_switch.v,clean,external,0,0,[],1.0,1.0,0.0,1.0,1.0,93.0,0.0,1.0,0.0,0.0
tests/fixtures/buggy/buggy_empty_always.v,buggy,fixture,1,0,['fixture'],2.0,2.0,0.0,0.0,1.0,27.0,0.0,0.0,0.0,0.0
third_party/rtl_corpora/ibex/vendor/lowrisc_ip/ip/prim/rtl/prim_trivium_pkg.sv,clean,external,0,0,[],0.0,0.0,0.0,0.0,0.0,159.0,0.0,0.0,0.0,0.0
third_party/rtl_corpora/verilog-ethernet/example/DE5-Net/fpga/rtl/sync_signal.v,clean,external,0,0,[],1.0,1.0,0.0,1.0,1.0,62.0,0.0,1.0,0.0,0.0
third_party/rtl_corpora/verilog-ethernet/lib/axis/rtl/axis_register.v,buggy,external,18,0,['RTL_E003'],4.0,2.0,2.0,24.0,1.0,280.0,0.0,8.0,0.0,0.0
third_party/rtl_corpora/verilog-ethernet/example/C10LP/fpga/rtl/sync_signal.v,clean,external,0,0,[],1.0,1.0,0.0,1.0,1.0,62.0,0.0,1.0,0.0,0.0
third_party/rtl_corpora/verilog-ethernet/example/KC705/fpga_sgmii/rtl/fpga_core.v,clean,external,0,0,[],2.0,2.0,0.0,40.0,1.0,590.0,0.0,39.0,0.0,0.0
third_party/rtl_corpora/ibex/formal/icache/formal_tb.sv,buggy,external,3,57,"['RTL_E001', 'RTL_E003']",10.0,4.0,6.0,8.0,1.0,714.0,53.0,6.0,0.0,0.0
third_party/rtl_corpora/serv/serving/serving.v,clean,external,0,0,[],0.0,0.0,0.0,0.0,1.0,147.0,0.0,0.0,0.0,0.0
third_party/rtl_corpora/ibex/vendor/lowrisc_ip/ip/prim_generic/rtl/prim_rom_pkg.sv,clean,external,0,0,[],0.0,0.0,0.0,0.0,0.0,16.0,0.0,0.0,0.0,0.0
third_party/rtl_corpora/ibex/dv/formal/spec/spec_api.sv,buggy,external,4,0,['RTL_E003'],0.0,0.0,0.0,34.0,1.0,351.0,0.0,27.0,0.0,0.0
third_party/rtl_corpora/serv/servant/servax.v,clean,external,0,0,[],0.0,0.0,0.0,0.0,1.0,28.0,0.0,0.0,0.0,0.0
third_party/rtl_corpora/ibex/vendor/lowrisc_ip/ip/prim/rtl/prim_secded_inv_28_22_dec.sv,buggy,external,1,0,['RTL_E002'],1.0,0.0,1.0,0.0,1.0,51.0,0.0,3.0,1.0,0.0
third_party/rtl_corpora/ibex/shared/rtl/bus.sv,buggy,external,2,1,['RTL_E003'],5.0,1.0,4.0,0.0,1.0,136.0,0.0,0.0,0.0,0.0
third_party/rtl_corpora/ibex/vendor/lowrisc_ip/ip/prim/rtl/prim_pad_wrapper_pkg.sv,clean,external,0,0,[],0.0,0.0,0.0,0.0,0.0,48.0,0.0,0.0,0.0,0.0
third_party/rtl_corpora/ibex/vendor/lowrisc_ip/ip/prim/fpv/tb/prim_arbiter_ppc_tb.sv,clean,external,0,0,[],0.0,0.0,0.0,0.0,1.0,46.0,0.0,0.0,0.0,0.0
third_party/rtl_corpora/verilog-ethernet/rtl/eth_phy_10g_rx_if.v,buggy,external,4,3,['RTL_E003'],3.0,2.0,1.0,13.0,1.0,278.0,0.0,9.0,0.0,0.0
third_party/rtl_corpora/verilog-ethernet/lib/axis/rtl/axis_adapter.v,buggy,external,22,1,['RTL_E003'],2.0,2.0,0.0,24.0,1.0,325.0,0.0,8.0,0.0,0.0
third_party/rtl_corpora/ibex/syn/rtl/prim_clock_gating.v,buggy,external,1,0,['RTL_E001'],1.0,0.0,1.0,1.0,1.0,23.0,0.0,1.0,0.0,0.0
third_party/rtl_corpora/ibex/vendor/lowrisc_ip/ip/prim/rtl/prim_secded_28_22_dec.sv,buggy,external,1,0,['RTL_E002'],1.0,0.0,1.0,0.0,1.0,51.0,0.0,3.0,1.0,0.0
third_party/rtl_corpora/ibex/vendor/lowrisc_ip/ip/prim/rtl/prim_secded_inv_64_57_enc.sv,buggy,external,1,0,['RTL_E002'],1.0,0.0,1.0,0.0,1.0,24.0,0.0,1.0,1.0,0.0
third_party/rtl_corpora/verilog-ethernet/example/VCU108/fpga_10g/rtl/eth_xcvr_phy_quad_wrapper.v,clean,external,0,0,[],0.0,0.0,0.0,0.0,1.0,395.0,0.0,0.0,0.0,0.0
third_party/rtl_corpora/secworks-sha256/src/tb/tb_sha256.v,buggy,external,1,1,['RTL_E002'],2.0,0.0,2.0,0.0,1.0,718.0,0.0,1.0,1.0,0.0
third_party/rtl_corpora/serv/servant/servant_lx9.v,clean,external,0,0,[],0.0,0.0,0.0,1.0,1.0,32.0,0.0,1.0,0.0,0.0
third_party/rtl_corpora/verilog-ethernet/lib/axis/rtl/axis_pipeline_register.v,clean,external,0,0,[],0.0,0.0,0.0,16.0,1.0,162.0,0.0,16.0,0.0,0.0
third_party/rtl_corpora/ibex/vendor/lowrisc_ip/ip/prim/rtl/prim_esc_receiver.sv,buggy,external,1,6,['RTL_E003'],3.0,2.0,1.0,5.0,1.0,294.0,0.0,4.0,0.0,0.0
third_party/rtl_corpora/wb2axip/rtl/axi2axilite.v,buggy,external,23,17,['RTL_E003'],39.0,23.0,16.0,88.0,1.0,1172.0,0.0,72.0,0.0,0.0
third_party/rtl_corpora/ibex/vendor/lowrisc_ip/ip/prim_generic/rtl/prim_flash.sv,buggy,external,1,1,['RTL_E003'],0.0,0.0,0.0,21.0,1.0,148.0,1.0,20.0,0.0,0.0
third_party/rtl_corpora/verilog-ethernet/example/ATLYS/fpga/rtl/fpga.v,clean,external,0,0,[],0.0,0.0,0.0,1.0,1.0,228.0,0.0,1.0,0.0,0.0
third_party/rtl_corpora/ibex/vendor/lowrisc_ip/ip/prim/rtl/prim_ascon_round.sv,buggy,external,3,0,['RTL_E003'],0.0,0.0,0.0,20.0,1.0,68.0,0.0,7.0,0.0,0.0
third_party/rtl_corpora/verilog-ethernet/rtl/axis_xgmii_tx_32.v,buggy,external,1,3,['RTL_E001'],4.0,1.0,3.0,8.0,1.0,563.0,0.0,8.0,0.0,0.0
third_party/rtl_corpora/verilog-ethernet/lib/axis/rtl/axis_switch.v,buggy,external,1,1,['RTL_E001'],3.0,1.0,2.0,5.0,1.0,410.0,0.0,5.0,0.0,0.0
third_party/rtl_corpora/ibex/vendor/lowrisc_ip/ip/prim/rtl/prim_racl_error_arb.sv,buggy,external,2,0,"['RTL_E002', 'RTL_E003']",0.0,0.0,0.0,11.0,1.0,62.0,0.0,6.0,1.0,0.0
third_party/rtl_corpora/verilog-ethernet/example/ExaNIC_X10/fpga/rtl/eth_xcvr_phy_quad_wrapper.v,clean,external,0,0,[],0.0,0.0,0.0,0.0,1.0,395.0,0.0,0.0,0.0,0.0
third_party/rtl_corpora/verilog-ethernet/lib/axis/rtl/arbiter.v,clean,external,0,0,[],2.0,1.0,1.0,3.0,1.0,159.0,0.0,3.0,0.0,0.0
third_party/rtl_corpora/pulp-axi/src/axi_serializer.sv,buggy,external,1,17,['RTL_E006'],1.0,0.0,1.0,3.0,2.0,297.0,15.0,2.0,0.0,0.0
third_party/rtl_corpora/ibex/vendor/lowrisc_ip/ip/prim/fpv/tb/prim_lfsr_tb.sv,clean,external,0,0,[],0.0,0.0,0.0,0.0,1.0,123.0,0.0,0.0,0.0,0.0
third_party/rtl_corpora/wb2axip/rtl/axi_addr.v,buggy,external,1,0,['RTL_E003'],5.0,0.0,5.0,3.0,1.0,234.0,0.0,3.0,0.0,0.0
third_party/rtl_corpora/ibex/vendor/lowrisc_ip/ip/prim/rtl/prim_sparse_fsm_flop.sv,buggy,external,1,0,['RTL_E003'],0.0,0.0,0.0,3.0,1.0,67.0,0.0,2.0,0.0,0.0
third_party/rtl_corpora/ibex/vendor/lowrisc_ip/ip/prim/fpv/tb/prim_secded_39_32_bind_fpv.sv,clean,external,0,0,[],0.0,0.0,0.0,0.0,1.0,21.0,0.0,0.0,0.0,0.0
third_party/rtl_corpora/ibex/vendor/lowrisc_ip/ip/prim/fpv/tb/prim_secded_inv_39_32_bind_fpv.sv,clean,external,0,0,[],0.0,0.0,0.0,0.0,1.0,21.0,0.0,0.0,0.0,0.0
third_party/rtl_corpora/verilog-ethernet/example/C10LP/fpga/rtl/debounce_switch.v,clean,external,0,0,[],1.0,1.0,0.0,1.0,1.0,93.0,0.0,1.0,0.0,0.0
tests/fixtures/clean/clean_registered_feedback.v,clean,fixture,0,0,[],1.0,1.0,0.0,0.0,1.0,17.0,0.0,0.0,0.0,0.0
third_party/rtl_corpora/ibex/vendor/lowrisc_ip/ip/prim/rtl/prim_secded_22_16_enc.sv,buggy,external,1,0,['RTL_E002'],1.0,0.0,1.0,0.0,1.0,22.0,0.0,1.0,1.0,0.0
third_party/rtl_corpora/verilog-ethernet/rtl/mii_phy_if.v,clean,external,0,0,[],3.0,3.0,0.0,6.0,1.0,141.0,0.0,6.0,0.0,0.0
third_party/rtl_corpora/wb2axip/rtl/wbxbar.v,buggy,external,28,36,"['RTL_E004', 'RTL_E001', 'RTL_E003']",70.0,29.0,40.0,58.0,1.0,1823.0,0.0,35.0,0.0,0.0
third_party/rtl_corpora/ibex/vendor/lowrisc_ip/ip/prim/fpv/tb/prim_alert_rxtx_async_tb.sv,buggy,external,2,1,['RTL_E003'],1.0,1.0,0.0,12.0,1.0,124.0,0.0,8.0,0.0,0.0
third_party/rtl_corpora/verilog-ethernet/rtl/ip_demux.v,buggy,external,1,0,['RTL_E001'],4.0,2.0,2.0,27.0,1.0,400.0,0.0,27.0,0.0,0.0
third_party/rtl_corpora/serv/rtl/serv_ctrl.v,buggy,external,5,2,['RTL_E003'],1.0,1.0,0.0,17.0,1.0,115.0,0.0,9.0,0.0,0.0
third_party/rtl_corpora/verilog-ethernet/rtl/udp_complete_64.v,clean,external,0,0,[],1.0,1.0,0.0,46.0,1.0,661.0,0.0,46.0,0.0,0.0
third_party/rtl_corpora/verilog-ethernet/lib/axis/rtl/axis_stat_counter.v,buggy,external,1,1,['RTL_E001'],4.0,2.0,2.0,6.0,1.0,370.0,0.0,6.0,0.0,0.0
third_party/rtl_corpora/ibex/vendor/lowrisc_ip/ip/prim/fpv/tb/prim_fifo_sync_bind_fpv.sv,clean,external,0,0,[],0.0,0.0,0.0,0.0,1.0,241.0,0.0,0.0,0.0,0.0
third_party/rtl_corpora/verilog-ethernet/example/ZCU102/fpga/rtl/fpga.v,clean,external,0,0,[],0.0,0.0,0.0,6.0,1.0,458.0,0.0,6.0,0.0,0.0
third_party/rtl_corpora/ibex/rtl/ibex_cs_registers.sv,buggy,external,23,5,['RTL_E003'],11.0,2.0,9.0,122.0,1.0,1682.0,3.0,77.0,0.0,0.0
third_party/rtl_corpora/verilog-ethernet/rtl/eth_phy_10g.v,clean,external,0,0,[],0.0,0.0,0.0,0.0,1.0,142.0,0.0,0.0,0.0,0.0
third_party/rtl_corpora/ibex/vendor/lowrisc_ip/ip/prim/rtl/prim_secded_inv_22_16_dec.sv,buggy,external,1,0,['RTL_E002'],1.0,0.0,1.0,0.0,1.0,45.0,0.0,3.0,1.0,0.0
third_party/rtl_corpora/verilog-ethernet/rtl/udp_demux.v,buggy,external,1,0,['RTL_E001'],4.0,2.0,2.0,31.0,1.0,428.0,0.0,31.0,0.0,0.0
third_party/rtl_corpora/ibex/vendor/lowrisc_ip/ip/prim_generic/rtl/prim_ram_1p_pkg.sv,clean,external,0,0,[],0.0,0.0,0.0,0.0,0.0,25.0,0.0,0.0,0.0,0.0
third_party/rtl_corpora/ibex/examples/simple_system/rtl/ibex_simple_system.sv,buggy,external,4,4,['RTL_E003'],1.0,0.0,0.0,14.0,1.0,363.0,0.0,9.0,0.0,0.0
third_party/rtl_corpora/ibex/vendor/lowrisc_ip/ip/prim_generic/rtl/prim_rst_sync.sv,buggy,external,2,0,['RTL_E003'],0.0,0.0,0.0,6.0,1.0,65.0,0.0,4.0,0.0,0.0
third_party/rtl_corpora/pulp-axi/src/axi_lite_dw_converter.sv,buggy,external,3,28,['RTL_E003'],5.0,0.0,5.0,44.0,2.0,569.0,27.0,23.0,0.0,0.0
third_party/rtl_corpora/verilog-ethernet/example/KC705/fpga_rgmii/rtl/fpga.v,clean,external,0,0,[],0.0,0.0,0.0,0.0,1.0,375.0,0.0,0.0,0.0,0.0
third_party/rtl_corpora/ibex/rtl/ibex_ex_block.sv,buggy,external,4,0,['RTL_E003'],0.0,0.0,0.0,19.0,1.0,217.0,0.0,14.0,0.0,0.0
third_party/rtl_corpora/wb2axip/rtl/axissafety.v,buggy,external,3,23,['RTL_E003'],49.0,25.0,24.0,3.0,1.0,676.0,0.0,12.0,0.0,0.0
third_party/rtl_corpora/verilog-ethernet/example/VCU108/fpga_1g/rtl/fpga_core.v,clean,external,0,0,[],2.0,2.0,0.0,40.0,1.0,590.0,0.0,39.0,0.0,0.0
third_party/rtl_corpora/ibex/vendor/lowrisc_ip/ip/prim/rtl/prim_dom_and_2share.sv,buggy,external,2,0,['RTL_E003'],0.0,0.0,0.0,9.0,1.0,173.0,0.0,7.0,0.0,0.0
third_party/rtl_corpora/verilog-ethernet/example/ADM_PCIE_9V3/fpga_25g/rtl/debounce_switch.v,clean,external,0,0,[],1.0,1.0,0.0,1.0,1.0,93.0,0.0,1.0,0.0,0.0
third_party/rtl_corpora/pulp-axi/src/axi_id_remap.sv,buggy,external,5,29,"['RTL_E001', 'RTL_E003']",2.0,0.0,2.0,47.0,3.0,665.0,26.0,8.0,0.0,0.0
third_party/rtl_corpora/verilog-ethernet/lib/axis/rtl/axis_frame_length_adjust.v,buggy,external,3,2,"['RTL_E001', 'RTL_E003']",4.0,2.0,2.0,14.0,1.0,617.0,0.0,14.0,0.0,0.0
third_party/rtl_corpora/ibex/vendor/lowrisc_ip/ip/prim/fpv/tb/prim_secded_39_32_tb.sv,clean,external,0,0,[],0.0,0.0,0.0,0.0,1.0,30.0,0.0,0.0,0.0,0.0
third_party/rtl_corpora/serv/rtl/serv_bufreg2.v,buggy,external,1,0,['RTL_E003'],1.0,1.0,0.0,6.0,1.0,105.0,0.0,4.0,0.0,0.0
third_party/rtl_corpora/verilog-ethernet/example/HTG9200/fpga_25g/rtl/debounce_switch.v,clean,external,0,0,[],1.0,1.0,0.0,1.0,1.0,93.0,0.0,1.0,0.0,0.0
third_party/rtl_corpora/verilog-ethernet/example/DE5-Net/fpga/cores/phy.v,clean,external,0,0,[],0.0,0.0,0.0,8.0,1.0,192.0,0.0,8.0,0.0,0.0
third_party/rtl_corpora/verilog-ethernet/example/fb2CG/fpga_25g/rtl/eth_xcvr_phy_wrapper.v,clean,external,0,0,[],0.0,0.0,0.0,4.0,1.0,307.0,0.0,4.0,0.0,0.0
third_party/rtl_corpora/ibex/vendor/lowrisc_ip/ip/prim_xilinx/rtl/prim_buf.sv,clean,external,0,0,[],0.0,0.0,0.0,1.0,1.0,16.0,0.0,1.0,0.0,0.0
third_party/rtl_corpora/verilog-ethernet/example/HTG9200/fpga_25g/rtl/fpga_core.v,clean,external,0,0,[],2.0,2.0,0.0,113.0,1.0,963.0,0.0,113.0,0.0,0.0
third_party/rtl_corpora/ibex/vendor/lowrisc_ip/ip/prim/rtl/prim_count.sv,buggy,external,3,3,['RTL_E003'],1.0,1.0,0.0,22.0,1.0,313.0,0.0,18.0,0.0,0.0
third_party/rtl_corpora/wb2axip/rtl/wbm2axisp.v,buggy,external,7,31,"['RTL_E005', 'RTL_E003']",78.0,33.0,45.0,24.0,1.0,1154.0,0.0,32.0,0.0,0.0
third_party/rtl_corpora/verilog-ethernet/example/ExaNIC_X25/fpga_25g/rtl/fpga.v,buggy,external,2,0,['RTL_E003'],0.0,0.0,0.0,12.0,1.0,325.0,0.0,10.0,0.0,0.0
third_party/rtl_corpora/wb2axip/rtl/axispacker.v,buggy,external,1,12,['RTL_E001'],40.0,15.0,25.0,16.0,1.0,860.0,0.0,22.0,0.0,0.0
third_party/rtl_corpora/verilog-ethernet/example/VCU118/fpga_25g/rtl/eth_xcvr_phy_quad_wrapper.v,clean,external,0,0,[],0.0,0.0,0.0,0.0,1.0,395.0,0.0,0.0,0.0,0.0
third_party/rtl_corpora/verilog-ethernet/example/ExaNIC_X25/fpga_25g/rtl/fpga_core.v,clean,external,0,0,[],2.0,2.0,0.0,41.0,1.0,600.0,0.0,41.0,0.0,0.0
third_party/rtl_corpora/ibex/vendor/lowrisc_ip/ip/prim_generic/rtl/prim_flop_2sync.sv,clean,external,0,0,[],1.0,0.0,1.0,1.0,1.0,59.0,0.0,2.0,0.0,0.0
third_party/rtl_corpora/ibex/vendor/lowrisc_ip/ip/prim/fpv/tb/prim_arbiter_fixed_tb.sv,clean,external,0,0,[],0.0,0.0,0.0,0.0,1.0,43.0,0.0,0.0,0.0,0.0
third_party/rtl_corpora/ibex/dv/uvm/core_ibex/env/core_ibex_instr_monitor_if.sv,clean,external,0,0,[],0.0,0.0,0.0,0.0,0.0,46.0,0.0,0.0,0.0,0.0
third_party/rtl_corpora/ibex/vendor/lowrisc_ip/ip/prim/rtl/prim_secded_22_16_dec.sv,buggy,external,1,0,['RTL_E002'],1.0,0.0,1.0,0.0,1.0,45.0,0.0,3.0,1.0,0.0
third_party/rtl_corpora/verilog-ethernet/example/ML605/fpga_sgmii/rtl/sync_signal.v,clean,external,0,0,[],1.0,1.0,0.0,1.0,1.0,62.0,0.0,1.0,0.0,0.0
third_party/rtl_corpora/ibex/vendor/lowrisc_ip/ip/prim/rtl/prim_arbiter_tree.sv,buggy,external,16,8,"['RTL_E002', 'RTL_E003']",2.0,2.0,0.0,33.0,1.0,291.0,0.0,16.0,6.0,0.0
third_party/rtl_corpora/serv/rtl/serv_rf_ram_if.v,buggy,external,6,1,"['RTL_E004', 'RTL_E003']",5.0,5.0,0.0,16.0,1.0,186.0,0.0,12.0,0.0,0.0
third_party/rtl_corpora/verilog-ethernet/example/DE5-Net/fpga/rtl/fpga.v,clean,external,0,0,[],0.0,0.0,0.0,27.0,1.0,474.0,0.0,27.0,0.0,0.0
third_party/rtl_corpora/ibex/vendor/lowrisc_ip/dv/sv/common_ifs/entropy_subsys_fifo_exception_if.sv,buggy,external,1,1,['RTL_E003'],1.0,1.0,0.0,10.0,0.0,59.0,0.0,8.0,0.0,0.0
third_party/rtl_corpora/ibex/rtl/ibex_id_stage.sv,buggy,external,28,35,"['RTL_E006', 'RTL_E003']",12.0,5.0,7.0,104.0,1.0,1156.0,30.0,85.0,0.0,0.0
third_party/rtl_corpora/serv/servant/servde1_soc_revF_clock_gen.v,clean,external,0,0,[],1.0,1.0,0.0,2.0,1.0,34.0,0.0,2.0,0.0,0.0
third_party/rtl_corpora/ibex/vendor/lowrisc_ip/ip/prim/rtl/prim_mubi4_sync.sv,buggy,external,2,2,['RTL_E003'],3.0,3.0,0.0,5.0,1.0,178.0,0.0,3.0,0.0,0.0
third_party/rtl_corpora/ibex/rtl/ibex_multdiv_slow.sv,buggy,external,3,3,"['RTL_E006', 'RTL_E003']",3.0,1.0,2.0,28.0,1.0,390.0,2.0,26.0,0.0,0.0
third_party/rtl_corpora/wb2axip/rtl/axi3reorder.v,buggy,external,5,16,['RTL_E003'],29.0,12.0,17.0,17.0,1.0,742.0,0.0,19.0,0.0,0.0
third_party/rtl_corpora/verilog-ethernet/example/DE2-115/fpga/rtl/hex_display.v,buggy,external,17,1,['RTL_E005'],1.0,0.0,1.0,1.0,1.0,74.0,0.0,1.0,0.0,0.0
third_party/rtl_corpora/verilog-ethernet/example/S10MX_DK/fpga_10g/rtl/fpga_core.v,clean,external,0,0,[],2.0,2.0,0.0,53.0,1.0,659.0,0.0,53.0,0.0,0.0
third_party/rtl_corpora/ibex/vendor/lowrisc_ip/dv/sv/mem_bkdr_util/mem_bkdr_util_row_adapter.sv,clean,external,0,0,[],0.0,0.0,0.0,0.0,0.0,57.0,0.0,0.0,0.0,0.0
third_party/rtl_corpora/verilog-ethernet/rtl/mac_pause_ctrl_rx.v,buggy,external,1,2,['RTL_E003'],2.0,1.0,1.0,10.0,1.0,221.0,0.0,10.0,0.0,0.0
third_party/rtl_corpora/wb2axip/rtl/wbc2pipeline.v,buggy,external,1,7,['RTL_E004'],6.0,4.0,2.0,1.0,1.0,187.0,0.0,7.0,0.0,0.0
third_party/rtl_corpora/serv/servant/servant_md_kolibri.v,clean,external,0,0,[],1.0,1.0,0.0,1.0,1.0,46.0,0.0,1.0,0.0,0.0
third_party/rtl_corpora/verilog-ethernet/example/NexysVideo/fpga/rtl/debounce_switch.v,clean,external,0,0,[],1.0,1.0,0.0,1.0,1.0,93.0,0.0,1.0,0.0,0.0
third_party/rtl_corpora/ibex/vendor/lowrisc_ip/ip/prim_generic/rtl/prim_clock_div.sv,buggy,external,1,5,['RTL_E003'],3.0,3.0,0.0,3.0,1.0,121.0,2.0,3.0,0.0,0.0
third_party/rtl_corpora/ibex/vendor/lowrisc_ip/ip/prim/fpv/tb/prim_secded_64_57_tb.sv,clean,external,0,0,[],0.0,0.0,0.0,0.0,1.0,30.0,0.0,0.0,0.0,0.0
third_party/rtl_corpora/ibex/vendor/lowrisc_ip/ip/prim/rtl/prim_prince.sv,buggy,external,19,2,"['RTL_E002', 'RTL_E003']",12.0,2.0,10.0,14.0,1.0,242.0,0.0,16.0,6.0,0.0
third_party/rtl_corpora/verilog-ethernet/example/Alveo/fpga_25g/rtl/fpga_core.v,clean,external,0,0,[],2.0,2.0,0.0,43.0,1.0,618.0,0.0,42.0,0.0,0.0
third_party/rtl_corpora/ibex/rtl/ibex_register_file_latch.sv,buggy,external,1,2,['RTL_E003'],4.0,1.0,1.0,10.0,1.0,168.0,0.0,9.0,0.0,0.0
third_party/rtl_corpora/verilog-ethernet/example/ML605/fpga_sgmii/rtl/fpga.v,buggy,external,2,0,['RTL_E003'],0.0,0.0,0.0,25.0,1.0,401.0,0.0,11.0,0.0,0.0
third_party/rtl_corpora/ibex/dv/uvm/core_ibex/common/ibex_cosim_agent/core_ibex_ifetch_pmp_if.sv,clean,external,0,0,[],0.0,0.0,0.0,0.0,0.0,22.0,0.0,0.0,0.0,0.0
third_party/rtl_corpora/ibex/dv/uvm/core_ibex/tests/core_ibex_report_server.sv,clean,external,0,0,[],0.0,0.0,0.0,0.0,0.0,25.0,0.0,0.0,0.0,0.0
third_party/rtl_corpora/verilog-ethernet/example/S10DX_DK/fpga_10g/rtl/fpga.v,clean,external,0,0,[],0.0,0.0,0.0,3.0,1.0,541.0,0.0,3.0,0.0,0.0
third_party/rtl_corpora/pulp-axi/src/axi_err_slv.sv,buggy,external,4,2,['RTL_E003'],4.0,1.0,3.0,8.0,2.0,261.0,0.0,6.0,0.0,0.0
third_party/rtl_corpora/verilog-ethernet/example/VCU118/fpga_1g/rtl/fpga_core.v,clean,external,0,0,[],2.0,2.0,0.0,40.0,1.0,590.0,0.0,39.0,0.0,0.0
third_party/rtl_corpora/pulp-axi/src/axi_dw_upsizer.sv,buggy,external,14,2,"['RTL_E006', 'RTL_E003']",4.0,2.0,2.0,7.0,1.0,749.0,0.0,7.0,0.0,0.0
third_party/rtl_corpora/ibex/dv/riscv_compliance/rtl/riscv_testutil.sv,buggy,external,1,5,['RTL_E006'],6.0,4.0,2.0,4.0,1.0,172.0,0.0,4.0,0.0,0.0
third_party/rtl_corpora/serv/rtl/serv_aligner.v,clean,external,0,0,[],2.0,2.0,0.0,6.0,1.0,73.0,0.0,6.0,0.0,0.0
third_party/rtl_corpora/ibex/vendor/lowrisc_ip/ip/prim/rtl/prim_secded_inv_72_64_enc.sv,buggy,external,1,0,['RTL_E002'],1.0,0.0,1.0,0.0,1.0,25.0,0.0,1.0,1.0,0.0
third_party/rtl_corpora/verilog-ethernet/example/HTG9200/fpga_fmc_htg_6qsfp_25g/rtl/eth_xcvr_phy_wrapper.v,clean,external,0,0,[],0.0,0.0,0.0,4.0,1.0,307.0,0.0,4.0,0.0,0.0
third_party/rtl_corpora/verilog-ethernet/example/ML605/fpga_gmii/rtl/fpga.v,clean,external,0,0,[],0.0,0.0,0.0,8.0,1.0,285.0,0.0,8.0,0.0,0.0
third_party/rtl_corpora/ibex/rtl/ibex_alu.sv,buggy,external,27,0,"['RTL_E002', 'RTL_E003']",27.0,0.0,27.0,108.0,1.0,1400.0,0.0,84.0,3.0,0.0
third_party/rtl_corpora/ibex/vendor/lowrisc_ip/ip/prim/rtl/prim_diff_to_alert.sv,clean,external,0,0,[],0.0,0.0,0.0,3.0,1.0,70.0,0.0,3.0,0.0,0.0
tests/fixtures/buggy/buggy_fsm_unreachable.v,buggy,fixture,1,0,['fixture'],2.0,1.0,1.0,0.0,1.0,36.0,0.0,0.0,0.0,0.0
third_party/rtl_corpora/wb2axip/rtl/easyaxil.v,buggy,external,2,8,['RTL_E003'],8.0,5.0,3.0,21.0,1.0,523.0,0.0,20.0,0.0,0.0
third_party/rtl_corpora/verilog-ethernet/example/520N_MX/fpga_10g/rtl/eth_xcvr_phy_wrapper.v,clean,external,0,0,[],0.0,0.0,0.0,4.0,1.0,167.0,0.0,2.0,0.0,0.0
third_party/rtl_corpora/verilog-ethernet/lib/axis/rtl/axis_rate_limit.v,clean,external,0,0,[],4.0,2.0,2.0,9.0,1.0,260.0,0.0,9.0,0.0,0.0
third_party/rtl_corpora/ibex/vendor/lowrisc_ip/ip/prim/rtl/prim_secded_hamming_72_64_enc.sv,buggy,external,1,0,['RTL_E002'],1.0,0.0,1.0,0.0,1.0,24.0,0.0,1.0,1.0,0.0
tests/fixtures/clean/clean_counter.v,clean,fixture,0,0,[],1.0,1.0,0.0,0.0,1.0,30.0,0.0,0.0,0.0,0.0
third_party/rtl_corpora/verilog-ethernet/example/DCS7132LB/fpga_25g/rtl/eth_xcvr_phy_wrapper.v,clean,external,0,0,[],0.0,0.0,0.0,4.0,1.0,307.0,0.0,4.0,0.0,0.0
third_party/rtl_corpora/pulp-axi/src/axi_inval_filter.sv,buggy,external,1,4,['RTL_E001'],3.0,1.0,2.0,3.0,1.0,148.0,2.0,3.0,0.0,0.0
third_party/rtl_corpora/verilog-ethernet/example/VCU118/fpga_fmc_htg_6qsfp_25g/rtl/sync_signal.v,clean,external,0,0,[],1.0,1.0,0.0,1.0,1.0,62.0,0.0,1.0,0.0,0.0
third_party/rtl_corpora/serv/servile/servile.v,clean,external,0,0,[],0.0,0.0,0.0,2.0,1.0,279.0,0.0,2.0,0.0,0.0
third_party/rtl_corpora/verilog-ethernet/rtl/axis_xgmii_rx_32.v,buggy,external,1,2,['RTL_E003'],2.0,1.0,1.0,12.0,1.0,355.0,0.0,9.0,0.0,0.0
third_party/rtl_corpora/verilog-ethernet/example/Alveo/fpga_25g/rtl/fpga_au50.v,clean,external,0,0,[],0.0,0.0,0.0,4.0,1.0,348.0,0.0,4.0,0.0,0.0
third_party/rtl_corpora/verilog-ethernet/example/ADM_PCIE_9V3/fpga_25g/rtl/eth_xcvr_phy_quad_wrapper.v,clean,external,0,0,[],0.0,0.0,0.0,0.0,1.0,395.0,0.0,0.0,0.0,0.0
third_party/rtl_corpora/wb2axip/bench/formal/faxi_addr.v,clean,external,0,0,[],4.0,0.0,4.0,0.0,1.0,147.0,0.0,1.0,0.0,0.0
third_party/rtl_corpora/serv/rtl/serv_alu.v,buggy,external,1,0,['RTL_E003'],1.0,1.0,0.0,5.0,1.0,87.0,0.0,3.0,0.0,0.0
third_party/rtl_corpora/ibex/vendor/lowrisc_ip/ip/prim/fpv/tb/prim_secded_hamming_72_64_bind_fpv.sv,clean,external,0,0,[],0.0,0.0,0.0,0.0,1.0,21.0,0.0,0.0,0.0,0.0
third_party/rtl_corpora/ibex/vendor/lowrisc_ip/ip/prim/rtl/prim_secded_inv_hamming_39_32_dec.sv,clean,external,0,0,[],1.0,0.0,1.0,0.0,1.0,62.0,0.0,3.0,0.0,0.0
third_party/rtl_corpora/ibex/vendor/lowrisc_ip/ip/prim/pre_dv/prim_ascon/prim_ascon_duplex_tb/rtl/prim_ascon_duplex_tb.sv,buggy,external,3,6,"['RTL_E001', 'RTL_E003']",7.0,5.0,2.0,17.0,1.0,392.0,0.0,15.0,0.0,0.0
third_party/rtl_corpora/ibex/vendor/google_riscv-dv/target/ml/riscv_core_setting.sv,clean,external,0,0,[],0.0,0.0,0.0,0.0,0.0,149.0,0.0,0.0,0.0,0.0
third_party/rtl_corpora/verilog-ethernet/lib/axis/rtl/priority_encoder.v,buggy,external,4,0,"['RTL_E002', 'RTL_E003']",0.0,0.0,0.0,9.0,1.0,92.0,0.0,5.0,2.0,0.0
third_party/rtl_corpora/serv/servant/servclone10.v,clean,external,0,0,[],0.0,0.0,0.0,1.0,1.0,31.0,0.0,1.0,0.0,0.0
third_party/rtl_corpora/ibex/vendor/lowrisc_ip/ip/prim/fpv/tb/prim_esc_rxtx_tb.sv,buggy,external,2,0,['RTL_E003'],0.0,0.0,0.0,4.0,1.0,62.0,0.0,2.0,0.0,0.0
third_party/rtl_corpora/wb2axip/rtl/axildouble.v,buggy,external,1,15,['RTL_E003'],53.0,17.0,36.0,14.0,1.0,734.0,0.0,15.0,0.0,0.0
third_party/rtl_corpora/ibex/vendor/lowrisc_ip/ip/prim/rtl/prim_present.sv,buggy,external,7,0,"['RTL_E002', 'RTL_E003']",0.0,0.0,0.0,23.0,1.0,158.0,0.0,8.0,3.0,0.0
third_party/rtl_corpora/verilog-ethernet/rtl/udp_checksum_gen.v,buggy,external,1,1,['RTL_E001'],6.0,3.0,3.0,33.0,1.0,561.0,0.0,33.0,0.0,0.0
third_party/rtl_corpora/verilog-ethernet/rtl/iddr.v,buggy,external,2,0,['RTL_E003'],5.0,5.0,0.0,4.0,1.0,164.0,0.0,2.0,0.0,0.0
third_party/rtl_corpora/ibex/vendor/lowrisc_ip/ip/prim/fpv/tb/prim_secded_inv_hamming_72_64_tb.sv,clean,external,0,0,[],0.0,0.0,0.0,0.0,1.0,30.0,0.0,0.0,0.0,0.0
third_party/rtl_corpora/verilog-ethernet/example/ZCU102/fpga/rtl/sync_signal.v,clean,external,0,0,[],1.0,1.0,0.0,1.0,1.0,62.0,0.0,1.0,0.0,0.0
third_party/rtl_corpora/verilog-ethernet/example/VCU118/fpga_25g/rtl/fpga.v,buggy,external,3,2,['RTL_E003'],1.0,1.0,0.0,38.0,1.0,994.0,0.0,18.0,0.0,0.0
third_party/rtl_corpora/ibex/vendor/lowrisc_ip/ip/prim/fpv/tb/prim_arbiter_tree_tb.sv,clean,external,0,0,[],0.0,0.0,0.0,0.0,1.0,46.0,0.0,0.0,0.0,0.0
third_party/rtl_corpora/verilog-ethernet/rtl/udp_ip_rx_64.v,buggy,external,2,1,"['RTL_E001', 'RTL_E003']",4.0,2.0,2.0,32.0,1.0,564.0,0.0,32.0,0.0,0.0
third_party/rtl_corpora/wb2axip/rtl/skidbuffer.v,buggy,external,2,22,['RTL_E003'],20.0,15.0,5.0,8.0,1.0,501.0,0.0,5.0,0.0,0.0
third_party/rtl_corpora/verilog-ethernet/lib/axis/rtl/axis_broadcast.v,clean,external,0,0,[],2.0,1.0,1.0,8.0,1.0,195.0,0.0,8.0,0.0,0.0
third_party/rtl_corpora/wb2axip/rtl/axivfifo.v,buggy,external,3,35,"['RTL_E005', 'RTL_E003']",61.0,38.0,23.0,33.0,1.0,1404.0,0.0,38.0,0.0,0.0
third_party/rtl_corpora/verilog-ethernet/example/KC705/fpga_sgmii/rtl/sync_signal.v,clean,external,0,0,[],1.0,1.0,0.0,1.0,1.0,62.0,0.0,1.0,0.0,0.0
third_party/rtl_corpora/wb2axip/rtl/axilupsz.v,buggy,external,16,8,['RTL_E003'],10.0,7.0,3.0,39.0,1.0,603.0,0.0,23.0,0.0,0.0
third_party/rtl_corpora/verilog-ethernet/example/VCU118/fpga_1g/rtl/fpga.v,buggy,external,2,2,['RTL_E003'],1.0,1.0,0.0,19.0,1.0,574.0,0.0,6.0,0.0,0.0
third_party/rtl_corpora/ibex/vendor/google_riscv-dv/src/isa/custom/rv64x_instr.sv,clean,external,0,0,[],0.0,0.0,0.0,0.0,0.0,18.0,0.0,0.0,0.0,0.0
third_party/rtl_corpora/ibex/rtl/ibex_wb_stage.sv,buggy,external,24,9,['RTL_E003'],5.0,5.0,0.0,44.0,1.0,252.0,4.0,24.0,0.0,0.0
third_party/rtl_corpora/ibex/vendor/lowrisc_ip/ip/prim/rtl/prim_clock_gating_sync.sv,clean,external,0,0,[],0.0,0.0,0.0,0.0,1.0,34.0,0.0,0.0,0.0,0.0
third_party/rtl_corpora/verilog-ethernet/rtl/ssio_ddr_in.v,buggy,external,3,0,['RTL_E003'],0.0,0.0,0.0,7.0,1.0,151.0,0.0,3.0,0.0,0.0
third_party/rtl_corpora/ibex/vendor/lowrisc_ip/ip/prim/fpv/tb/prim_secded_inv_hamming_39_32_tb.sv,clean,external,0,0,[],0.0,0.0,0.0,0.0,1.0,30.0,0.0,0.0,0.0,0.0
third_party/rtl_corpora/wb2axip/rtl/axisgfsm.v,buggy,external,4,28,['RTL_E003'],43.0,17.0,26.0,1.0,1.0,1220.0,0.0,11.0,0.0,0.0
third_party/rtl_corpora/serv/rtl/serv_csr.v,buggy,external,1,1,['RTL_E003'],1.0,1.0,0.0,7.0,1.0,164.0,0.0,6.0,0.0,0.0
third_party/rtl_corpora/wb2axip/bench/formal/xlnxdemo_2018_3.v,buggy,external,5,12,['RTL_E005'],26.0,19.0,7.0,11.0,1.0,797.0,0.0,11.0,0.0,0.0
third_party/rtl_corpora/verilog-ethernet/rtl/gmii_phy_if.v,clean,external,0,0,[],2.0,2.0,0.0,3.0,1.0,152.0,0.0,3.0,0.0,0.0
third_party/rtl_corpora/wb2axip/bench/formal/faxil_master.v,clean,external,0,0,[],0.0,0.0,0.0,7.0,1.0,805.0,0.0,0.0,0.0,0.0
third_party/rtl_corpora/ibex/vendor/lowrisc_ip/ip/prim_generic/rtl/prim_clock_inv.sv,clean,external,0,0,[],0.0,0.0,0.0,2.0,1.0,32.0,0.0,2.0,0.0,0.0
third_party/rtl_corpora/wb2axip/rtl/axilsafety.v,buggy,external,4,47,"['RTL_E002', 'RTL_E003']",71.0,42.0,29.0,11.0,1.0,1448.0,0.0,11.0,3.0,0.0
third_party/rtl_corpora/ibex/rtl/ibex_lockstep.sv,buggy,external,10,3,['RTL_E003'],5.0,5.0,0.0,61.0,1.0,668.0,0.0,20.0,0.0,0.0
third_party/rtl_corpora/verilog-ethernet/example/VCU108/fpga_1g/rtl/fpga.v,buggy,external,2,0,['RTL_E003'],0.0,0.0,0.0,16.0,1.0,365.0,0.0,3.0,0.0,0.0
third_party/rtl_corpora/wb2axip/rtl/axilrd2wbsp.v,buggy,external,2,20,['RTL_E003'],48.0,18.0,30.0,15.0,1.0,601.0,0.0,18.0,0.0,0.0
third_party/rtl_corpora/ibex/vendor/lowrisc_ip/ip/prim/rtl/prim_mubi28_sync.sv,buggy,external,2,2,['RTL_E003'],3.0,3.0,0.0,5.0,1.0,178.0,0.0,3.0,0.0,0.0
third_party/rtl_corpora/serv/servant/ecppll.v,clean,external,0,0,[],0.0,0.0,0.0,1.0,1.0,38.0,0.0,1.0,0.0,0.0
third_party/rtl_corpora/ibex/vendor/lowrisc_ip/ip/prim/fpv/tb/prim_secded_72_64_bind_fpv.sv,clean,external,0,0,[],0.0,0.0,0.0,0.0,1.0,21.0,0.0,0.0,0.0,0.0
third_party/rtl_corpora/ibex/vendor/lowrisc_ip/ip/prim/rtl/prim_subreg_arb.sv,buggy,external,5,0,['RTL_E003'],0.0,0.0,0.0,38.0,1.0,187.0,0.0,5.0,0.0,0.0
third_party/rtl_corpora/serv/servant/servix_ebaz4205.v,clean,external,0,0,[],0.0,0.0,0.0,0.0,1.0,30.0,0.0,0.0,0.0,0.0
third_party/rtl_corpora/ibex/vendor/lowrisc_ip/ip/prim/rtl/prim_sram_arbiter.sv,clean,external,0,0,[],1.0,0.0,1.0,9.0,1.0,155.0,0.0,9.0,0.0,0.0
third_party/rtl_corpora/ibex/vendor/lowrisc_ip/ip/prim/rtl/prim_rom_adv.sv,clean,external,0,0,[],0.0,0.0,0.0,0.0,1.0,47.0,0.0,0.0,0.0,0.0
third_party/rtl_corpora/ibex/shared/rtl/fpga/xilinx/clkgen_xil7series.sv,clean,external,0,0,[],0.0,0.0,0.0,2.0,1.0,80.0,0.0,2.0,0.0,0.0
third_party/rtl_corpora/verilog-ethernet/example/S10MX_DK/fpga_10g/rtl/sync_signal.v,clean,external,0,0,[],1.0,1.0,0.0,1.0,1.0,62.0,0.0,1.0,0.0,0.0
third_party/rtl_corpora/ibex/vendor/lowrisc_ip/ip/prim/rtl/prim_secded_inv_hamming_22_16_enc.sv,buggy,external,1,0,['RTL_E002'],1.0,0.0,1.0,0.0,1.0,23.0,0.0,1.0,1.0,0.0
third_party/rtl_corpora/verilog-ethernet/example/S10MX_DK/fpga_10g/rtl/eth_xcvr_phy_quad_wrapper.v,clean,external,0,0,[],0.0,0.0,0.0,0.0,1.0,273.0,0.0,0.0,0.0,0.0
third_party/rtl_corpora/ibex/vendor/lowrisc_ip/ip/prim_generic/rtl/prim_pkg.sv,clean,external,0,0,[],0.0,0.0,0.0,0.0,0.0,10.0,0.0,0.0,0.0,0.0
third_party/rtl_corpora/verilog-ethernet/example/ExaNIC_X10/fpga/rtl/sync_signal.v,clean,external,0,0,[],1.0,1.0,0.0,1.0,1.0,62.0,0.0,1.0,0.0,0.0
third_party/rtl_corpora/verilog-ethernet/rtl/udp_64.v,clean,external,0,0,[],0.0,0.0,0.0,26.0,1.0,428.0,0.0,26.0,0.0,0.0
third_party/rtl_corpora/ibex/rtl/ibex_top.sv,buggy,external,17,38,"['RTL_E001', 'RTL_E003']",9.0,6.0,3.0,53.0,1.0,1389.0,32.0,44.0,0.0,0.0
third_party/rtl_corpora/verilog-ethernet/rtl/xgmii_deinterleave.v,buggy,external,2,0,['RTL_E003'],0.0,0.0,0.0,16.0,1.0,61.0,0.0,2.0,0.0,0.0
third_party/rtl_corpora/verilog-ethernet/example/C10LP/fpga/rtl/fpga.v,clean,external,0,0,[],0.0,0.0,0.0,1.0,1.0,236.0,0.0,1.0,0.0,0.0
third_party/rtl_corpora/wb2axip/rtl/axixclk.v,buggy,external,10,0,['RTL_E003'],1.0,1.0,0.0,48.0,1.0,311.0,0.0,38.0,0.0,0.0
third_party/rtl_corpora/ibex/dv/uvm/core_ibex/common/ibex_cosim_agent/core_ibex_ifetch_if.sv,clean,external,0,0,[],0.0,0.0,0.0,0.0,0.0,28.0,0.0,0.0,0.0,0.0
third_party/rtl_corpora/ibex/vendor/lowrisc_ip/ip/prim_generic/rtl/prim_pad_wrapper.sv,buggy,external,3,2,['RTL_E003'],0.0,0.0,0.0,18.0,1.0,123.0,2.0,9.0,0.0,0.0
third_party/rtl_corpora/pulp-axi/src/axi_lite_to_apb.sv,buggy,external,3,14,['RTL_E003'],1.0,0.0,1.0,16.0,2.0,498.0,13.0,11.0,0.0,0.0
third_party/rtl_corpora/ibex/vendor/lowrisc_ip/ip/prim/rtl/prim_sha2_pad.sv,buggy,external,3,4,"['RTL_E006', 'RTL_E003']",7.0,4.0,3.0,12.0,1.0,387.0,0.0,9.0,0.0,0.0
third_party/rtl_corpora/secworks-sha256/src/interfaces/axi4/rtl/sha256_axi4_slave.v,buggy,external,65,1,['RTL_E005'],9.0,8.0,1.0,10.0,1.0,1099.0,0.0,10.0,0.0,0.0
third_party/rtl_corpora/ibex/vendor/lowrisc_ip/ip/prim/rtl/prim_secded_39_32_enc.sv,buggy,external,1,0,['RTL_E002'],1.0,0.0,1.0,0.0,1.0,23.0,0.0,1.0,1.0,0.0
third_party/rtl_corpora/wb2axip/rtl/wbupsz.v,buggy,external,13,9,['RTL_E003'],5.0,5.0,0.0,28.0,1.0,233.0,0.0,14.0,0.0,0.0
third_party/rtl_corpora/serv/servant/servant_pf.v,clean,external,0,0,[],1.0,1.0,0.0,4.0,1.0,66.0,0.0,4.0,0.0,0.0
third_party/rtl_corpora/wb2axip/rtl/addrdecode.v,buggy,external,4,13,['RTL_E003'],29.0,13.0,16.0,7.0,1.0,465.0,0.0,10.0,0.0,0.0
third_party/rtl_corpora/ibex/vendor/lowrisc_ip/ip/prim/rtl/prim_mubi24_sync.sv,buggy,external,2,2,['RTL_E003'],3.0,3.0,0.0,5.0,1.0,178.0,0.0,3.0,0.0,0.0
third_party/rtl_corpora/pulp-axi/src/axi_pkg.sv,clean,external,0,0,[],0.0,0.0,0.0,0.0,0.0,543.0,0.0,0.0,0.0,0.0
third_party/rtl_corpora/ibex/vendor/google_riscv-dv/src/riscv_signature_pkg.sv,clean,external,0,0,[],0.0,0.0,0.0,0.0,0.0,59.0,0.0,0.0,0.0,0.0
third_party/rtl_corpora/ibex/vendor/lowrisc_ip/ip/prim/fpv/tb/prim_secded_hamming_39_32_tb.sv,clean,external,0,0,[],0.0,0.0,0.0,0.0,1.0,30.0,0.0,0.0,0.0,0.0
third_party/rtl_corpora/ibex/dv/uvm/bus_params_pkg/bus_params_pkg.sv,clean,external,0,0,[],0.0,0.0,0.0,0.0,0.0,29.0,0.0,0.0,0.0,0.0
third_party/rtl_corpora/ibex/vendor/lowrisc_ip/ip/prim/fpv/vip/prim_fifo_sync_assert_fpv.sv,buggy,external,3,31,['RTL_E003'],2.0,2.0,0.0,4.0,1.0,232.0,29.0,1.0,0.0,0.0
third_party/rtl_corpora/ibex/rtl/ibex_fetch_fifo.sv,buggy,external,10,7,['RTL_E003'],6.0,5.0,1.0,32.0,1.0,269.0,3.0,24.0,0.0,0.0
third_party/rtl_corpora/ibex/vendor/lowrisc_ip/ip/prim/rtl/prim_secded_hamming_22_16_dec.sv,clean,external,0,0,[],1.0,0.0,1.0,0.0,1.0,45.0,0.0,3.0,0.0,0.0
third_party/rtl_corpora/ibex/dv/cs_registers/rst_driver/rst_dpi.sv,clean,external,0,0,[],0.0,0.0,0.0,0.0,0.0,12.0,0.0,0.0,0.0,0.0
third_party/rtl_corpora/ibex/vendor/lowrisc_ip/ip/prim/rtl/prim_secded_64_57_dec.sv,buggy,external,1,0,['RTL_E002'],1.0,0.0,1.0,0.0,1.0,87.0,0.0,3.0,1.0,0.0
third_party/rtl_corpora/pulp-axi/test/tb_axi_to_mem_banked.sv,buggy,external,2,10,['RTL_E003'],0.0,0.0,0.0,14.0,1.0,418.0,6.0,11.0,0.0,0.0
third_party/rtl_corpora/pulp-axi/src/axi_dw_downsizer.sv,buggy,external,17,2,"['RTL_E006', 'RTL_E003']",4.0,2.0,2.0,5.0,1.0,944.0,0.0,5.0,0.0,0.0
third_party/rtl_corpora/wb2axip/rtl/axilfetch.v,buggy,external,6,14,['RTL_E003'],19.0,14.0,5.0,21.0,1.0,469.0,0.0,15.0,0.0,0.0
third_party/rtl_corpora/ibex/vendor/lowrisc_ip/ip/prim/fpv/tb/prim_secded_22_16_tb.sv,clean,external,0,0,[],0.0,0.0,0.0,0.0,1.0,30.0,0.0,0.0,0.0,0.0
third_party/rtl_corpora/ibex/vendor/lowrisc_ip/ip/prim/rtl/prim_secded_hamming_39_32_enc.sv,buggy,external,1,0,['RTL_E002'],1.0,0.0,1.0,0.0,1.0,23.0,0.0,1.0,1.0,0.0
third_party/rtl_corpora/verilog-ethernet/example/VCU118/fpga_1g/rtl/sync_signal.v,clean,external,0,0,[],1.0,1.0,0.0,1.0,1.0,62.0,0.0,1.0,0.0,0.0
third_party/rtl_corpora/ibex/rtl/ibex_core.sv,buggy,external,31,28,['RTL_E003'],21.0,12.0,9.0,146.0,1.0,2021.0,16.0,107.0,0.0,0.0
third_party/rtl_corpora/ibex/vendor/lowrisc_ip/ip/prim/fpv/tb/prim_secded_inv_28_22_bind_fpv.sv,clean,external,0,0,[],0.0,0.0,0.0,0.0,1.0,21.0,0.0,0.0,0.0,0.0
third_party/rtl_corpora/serv/data/chameleon96/HPS.sv,clean,external,0,0,[],0.0,0.0,0.0,0.0,1.0,108.0,0.0,0.0,0.0,0.0
third_party/rtl_corpora/verilog-ethernet/example/Alveo/fpga_25g/rtl/debounce_switch.v,clean,external,0,0,[],1.0,1.0,0.0,1.0,1.0,93.0,0.0,1.0,0.0,0.0
third_party/rtl_corpora/verilog-ethernet/example/VCU118/fpga_fmc_htg_6qsfp_25g/rtl/debounce_switch.v,clean,external,0,0,[],1.0,1.0,0.0,1.0,1.0,93.0,0.0,1.0,0.0,0.0
third_party/rtl_corpora/ibex/vendor/lowrisc_ip/ip/prim/rtl/prim_mubi_pkg.sv,clean,external,0,0,[],0.0,0.0,0.0,0.0,0.0,1129.0,0.0,0.0,0.0,0.0
third_party/rtl_corpora/serv/servant/servant_ecp5.v,clean,external,0,0,[],0.0,0.0,0.0,2.0,1.0,33.0,0.0,2.0,0.0,0.0
third_party/rtl_corpora/verilog-ethernet/example/ZCU106/fpga/rtl/fpga_core.v,clean,external,0,0,[],2.0,2.0,0.0,41.0,1.0,612.0,0.0,41.0,0.0,0.0
third_party/rtl_corpora/serv/servant/servant_ecp5_evn.v,clean,external,0,0,[],0.0,0.0,0.0,1.0,1.0,31.0,0.0,1.0,0.0,0.0
third_party/rtl_corpora/ibex/vendor/lowrisc_ip/ip/prim/rtl/prim_mubi28_dec.sv,buggy,external,1,0,['RTL_E003'],0.0,0.0,0.0,5.0,1.0,48.0,0.0,2.0,0.0,0.0
third_party/rtl_corpora/verilog-ethernet/lib/axis/rtl/ll_axis_bridge.v,clean,external,0,0,[],0.0,0.0,0.0,4.0,1.0,68.0,0.0,4.0,0.0,0.0
third_party/rtl_corpora/verilog-ethernet/example/HTG640/fpga/rtl/fpga_core.v,clean,external,0,0,[],2.0,2.0,0.0,96.0,1.0,764.0,0.0,93.0,0.0,0.0
third_party/rtl_corpora/verilog-ethernet/rtl/eth_demux.v,buggy,external,1,0,['RTL_E001'],4.0,2.0,2.0,14.0,1.0,309.0,0.0,14.0,0.0,0.0
third_party/rtl_corpora/verilog-ethernet/example/ADM_PCIE_9V3/fpga_25g/rtl/fpga_core.v,clean,external,0,0,[],2.0,2.0,0.0,55.0,1.0,667.0,0.0,55.0,0.0,0.0
third_party/rtl_corpora/ibex/vendor/lowrisc_ip/ip/prim/rtl/prim_secded_inv_hamming_39_32_enc.sv,buggy,external,1,0,['RTL_E002'],1.0,0.0,1.0,0.0,1.0,24.0,0.0,1.0,1.0,0.0
third_party/rtl_corpora/verilog-ethernet/example/ADM_PCIE_9V3/fpga_25g/rtl/eth_xcvr_phy_wrapper.v,clean,external,0,0,[],0.0,0.0,0.0,4.0,1.0,307.0,0.0,4.0,0.0,0.0
third_party/rtl_corpora/pulp-axi/src/axi_fifo.sv,buggy,external,2,15,['RTL_E003'],0.0,0.0,0.0,13.0,2.0,256.0,13.0,2.0,0.0,0.0
third_party/rtl_corpora/ibex/vendor/lowrisc_ip/ip/prim/rtl/prim_secded_hamming_72_64_dec.sv,clean,external,0,0,[],1.0,0.0,1.0,0.0,1.0,95.0,0.0,3.0,0.0,0.0
third_party/rtl_corpora/verilog-ethernet/rtl/axis_xgmii_tx_64.v,buggy,external,2,3,"['RTL_E001', 'RTL_E003']",4.0,1.0,3.0,8.0,1.0,656.0,0.0,8.0,0.0,0.0
third_party/rtl_corpora/verilog-ethernet/example/ExaNIC_X10/fpga/rtl/fpga.v,buggy,external,2,0,['RTL_E003'],0.0,0.0,0.0,11.0,1.0,322.0,0.0,9.0,0.0,0.0
third_party/rtl_corpora/ibex/dv/uvm/core_ibex/env/core_ibex_rvfi_if.sv,clean,external,0,0,[],0.0,0.0,0.0,0.0,0.0,82.0,0.0,0.0,0.0,0.0
third_party/rtl_corpora/verilog-ethernet/example/VCU118/fpga_1g/rtl/debounce_switch.v,clean,external,0,0,[],1.0,1.0,0.0,1.0,1.0,93.0,0.0,1.0,0.0,0.0
third_party/rtl_corpora/ibex/rtl/ibex_pmp.sv,buggy,external,2,2,['RTL_E003'],1.0,0.0,1.0,15.0,1.0,263.0,2.0,8.0,0.0,0.0
third_party/rtl_corpora/ibex/vendor/lowrisc_ip/ip/prim_xilinx/rtl/prim_pad_attr.sv,buggy,external,3,1,['RTL_E003'],3.0,0.0,3.0,0.0,1.0,59.0,1.0,1.0,0.0,0.0
third_party/rtl_corpora/serv/rtl/serv_rf_top.v,clean,external,0,0,[],0.0,0.0,0.0,0.0,1.0,227.0,0.0,0.0,0.0,0.0
third_party/rtl_corpora/ibex/vendor/lowrisc_ip/ip/prim/fpv/tb/prim_secded_inv_hamming_39_32_bind_fpv.sv,clean,external,0,0,[],0.0,0.0,0.0,0.0,1.0,21.0,0.0,0.0,0.0,0.0
third_party/rtl_corpora/ibex/vendor/lowrisc_ip/ip/prim/dv/prim_present/crypto_dpi_present/crypto_dpi_present_pkg.sv,clean,external,0,0,[],0.0,0.0,0.0,0.0,0.0,79.0,0.0,0.0,0.0,0.0
third_party/rtl_corpora/ibex/vendor/lowrisc_ip/ip/prim/rtl/prim_secded_inv_hamming_72_64_enc.sv,buggy,external,1,0,['RTL_E002'],1.0,0.0,1.0,0.0,1.0,25.0,0.0,1.0,1.0,0.0
third_party/rtl_corpora/ibex/vendor/google_riscv-dv/target/rv64gc/riscv_core_setting.sv,clean,external,0,0,[],0.0,0.0,0.0,0.0,0.0,188.0,0.0,0.0,0.0,0.0
third_party/rtl_corpora/verilog-ethernet/example/DE2-115/fpga/rtl/fpga.v,clean,external,0,0,[],0.0,0.0,0.0,0.0,1.0,269.0,0.0,0.0,0.0,0.0
third_party/rtl_corpora/verilog-ethernet/lib/axis/rtl/sync_reset.v,clean,external,0,0,[],1.0,1.0,0.0,1.0,1.0,61.0,0.0,1.0,0.0,0.0
third_party/rtl_corpora/wb2axip/rtl/axivcamera.v,buggy,external,5,36,['RTL_E003'],37.0,26.0,11.0,46.0,1.0,1218.0,0.0,47.0,0.0,0.0
third_party/rtl_corpora/ibex/vendor/lowrisc_ip/ip/prim/rtl/prim_lc_dec.sv,clean,external,0,0,[],0.0,0.0,0.0,2.0,1.0,30.0,0.0,2.0,0.0,0.0
third_party/rtl_corpora/verilog-ethernet/example/VCU118/fpga_fmc_htg_6qsfp_25g/rtl/fpga_core.v,clean,external,0,0,[],3.0,2.0,1.0,103.0,1.0,1170.0,0.0,102.0,0.0,0.0
third_party/rtl_corpora/wb2axip/rtl/axil2axis.v,buggy,external,6,21,['RTL_E003'],32.0,15.0,17.0,30.0,1.0,882.0,0.0,24.0,0.0,0.0
third_party/rtl_corpora/wb2axip/rtl/axi32axi.v,buggy,external,3,2,['RTL_E003'],4.0,0.0,4.0,37.0,1.0,376.0,0.0,36.0,0.0,0.0
third_party/rtl_corpora/serv/servant/servix.v,clean,external,0,0,[],0.0,0.0,0.0,0.0,1.0,38.0,0.0,0.0,0.0,0.0
third_party/rtl_corpora/ibex/vendor/lowrisc_ip/ip/prim/rtl/prim_esc_pkg.sv,clean,external,0,0,[],0.0,0.0,0.0,0.0,0.0,23.0,0.0,0.0,0.0,0.0
third_party/rtl_corpora/verilog-ethernet/example/KC705/fpga_rgmii/rtl/fpga_core.v,clean,external,0,0,[],2.0,2.0,0.0,40.0,1.0,590.0,0.0,39.0,0.0,0.0
third_party/rtl_corpora/ibex/vendor/lowrisc_ip/ip/prim/fpv/tb/prim_secded_hamming_76_68_bind_fpv.sv,clean,external,0,0,[],0.0,0.0,0.0,0.0,1.0,21.0,0.0,0.0,0.0,0.0
third_party/rtl_corpora/verilog-ethernet/example/DE5-Net/fpga/rtl/fpga_core.v,clean,external,0,0,[],2.0,2.0,0.0,51.0,1.0,620.0,0.0,50.0,0.0,0.0
third_party/rtl_corpora/ibex/dv/riscv_compliance/rtl/ibex_riscv_compliance.sv,buggy,external,2,0,['RTL_E003'],0.0,0.0,0.0,8.0,1.0,275.0,0.0,6.0,0.0,0.0
third_party/rtl_corpora/verilog-ethernet/rtl/ssio_ddr_in_diff.v,clean,external,0,0,[],0.0,0.0,0.0,2.0,1.0,122.0,0.0,2.0,0.0,0.0
third_party/rtl_corpora/ibex/vendor/lowrisc_ip/ip/prim/rtl/prim_mubi32_dec.sv,buggy,external,1,0,['RTL_E003'],0.0,0.0,0.0,5.0,1.0,48.0,0.0,2.0,0.0,0.0
third_party/rtl_corpora/ibex/vendor/lowrisc_ip/ip/prim/rtl/prim_blanker.sv,clean,external,0,0,[],0.0,0.0,0.0,0.0,1.0,20.0,0.0,0.0,0.0,0.0
third_party/rtl_corpora/verilog-ethernet/rtl/ip_arb_mux.v,buggy,external,1,0,['RTL_E001'],4.0,2.0,2.0,29.0,1.0,406.0,0.0,29.0,0.0,0.0
third_party/rtl_corpora/ibex/vendor/lowrisc_ip/ip/prim/rtl/prim_onehot_check.sv,buggy,external,8,0,"['RTL_E002', 'RTL_E003']",0.0,0.0,0.0,17.0,1.0,156.0,0.0,9.0,3.0,0.0
third_party/rtl_corpora/verilog-ethernet/lib/axis/rtl/axis_mux.v,buggy,external,1,0,['RTL_E001'],4.0,2.0,2.0,9.0,1.0,267.0,0.0,9.0,0.0,0.0
third_party/rtl_corpora/ibex/dv/uvm/core_ibex/tb/core_ibex_tb_top.sv,buggy,external,9,23,['RTL_E003'],2.0,2.0,0.0,102.0,1.0,422.0,19.0,12.0,0.0,0.0
